-- phpMyAdmin SQL Dump
-- version 5.2.1
-- https://www.phpmyadmin.net/
--
-- Host: 127.0.0.1
-- Generation Time: Jun 23, 2025 at 10:26 AM
-- Server version: 10.4.32-MariaDB
-- PHP Version: 8.2.12

SET SQL_MODE = "NO_AUTO_VALUE_ON_ZERO";
START TRANSACTION;
SET time_zone = "+00:00";


/*!40101 SET @OLD_CHARACTER_SET_CLIENT=@@CHARACTER_SET_CLIENT */;
/*!40101 SET @OLD_CHARACTER_SET_RESULTS=@@CHARACTER_SET_RESULTS */;
/*!40101 SET @OLD_COLLATION_CONNECTION=@@COLLATION_CONNECTION */;
/*!40101 SET NAMES utf8mb4 */;

--
-- Database: `db_tokomadura`
--

-- --------------------------------------------------------

--
-- Table structure for table `cache`
--

CREATE TABLE `cache` (
  `key` varchar(255) NOT NULL,
  `value` mediumtext NOT NULL,
  `expiration` int(11) NOT NULL
) ENGINE=InnoDB DEFAULT CHARSET=utf8mb4 COLLATE=utf8mb4_unicode_ci;

-- --------------------------------------------------------

--
-- Table structure for table `cache_locks`
--

CREATE TABLE `cache_locks` (
  `key` varchar(255) NOT NULL,
  `owner` varchar(255) NOT NULL,
  `expiration` int(11) NOT NULL
) ENGINE=InnoDB DEFAULT CHARSET=utf8mb4 COLLATE=utf8mb4_unicode_ci;

-- --------------------------------------------------------

--
-- Table structure for table `failed_jobs`
--

CREATE TABLE `failed_jobs` (
  `id` bigint(20) UNSIGNED NOT NULL,
  `uuid` varchar(255) NOT NULL,
  `connection` text NOT NULL,
  `queue` text NOT NULL,
  `payload` longtext NOT NULL,
  `exception` longtext NOT NULL,
  `failed_at` timestamp NOT NULL DEFAULT current_timestamp()
) ENGINE=InnoDB DEFAULT CHARSET=utf8mb4 COLLATE=utf8mb4_unicode_ci;

-- --------------------------------------------------------

--
-- Table structure for table `jobs`
--

CREATE TABLE `jobs` (
  `id` bigint(20) UNSIGNED NOT NULL,
  `queue` varchar(255) NOT NULL,
  `payload` longtext NOT NULL,
  `attempts` tinyint(3) UNSIGNED NOT NULL,
  `reserved_at` int(10) UNSIGNED DEFAULT NULL,
  `available_at` int(10) UNSIGNED NOT NULL,
  `created_at` int(10) UNSIGNED NOT NULL
) ENGINE=InnoDB DEFAULT CHARSET=utf8mb4 COLLATE=utf8mb4_unicode_ci;

-- --------------------------------------------------------

--
-- Table structure for table `job_batches`
--

CREATE TABLE `job_batches` (
  `id` varchar(255) NOT NULL,
  `name` varchar(255) NOT NULL,
  `total_jobs` int(11) NOT NULL,
  `pending_jobs` int(11) NOT NULL,
  `failed_jobs` int(11) NOT NULL,
  `failed_job_ids` longtext NOT NULL,
  `options` mediumtext DEFAULT NULL,
  `cancelled_at` int(11) DEFAULT NULL,
  `created_at` int(11) NOT NULL,
  `finished_at` int(11) DEFAULT NULL
) ENGINE=InnoDB DEFAULT CHARSET=utf8mb4 COLLATE=utf8mb4_unicode_ci;

-- --------------------------------------------------------

--
-- Table structure for table `migrations`
--

CREATE TABLE `migrations` (
  `id` int(10) UNSIGNED NOT NULL,
  `migration` varchar(255) NOT NULL,
  `batch` int(11) NOT NULL
) ENGINE=InnoDB DEFAULT CHARSET=utf8mb4 COLLATE=utf8mb4_unicode_ci;

--
-- Dumping data for table `migrations`
--

INSERT INTO `migrations` (`id`, `migration`, `batch`) VALUES
(1, '0001_01_01_000000_create_users_table', 1),
(2, '0001_01_01_000001_create_cache_table', 1),
(3, '0001_01_01_000002_create_jobs_table', 1),
(4, '2025_02_13_140216_create_personal_access_tokens_table', 1),
(5, '2025_02_14_230048_create_quote_table', 1),
(6, '2025_02_18_022929_create_suppliers_table', 1),
(7, '2025_02_18_032811_create_sales_table', 1),
(8, '2025_02_18_050139_create_products_table', 1),
(9, '2025_02_18_053148_create_sale_details_table', 1),
(10, '2025_02_20_032403_create_purchases_table', 1),
(11, '2025_02_20_034828_create_purchase_details_table', 1),
(12, '2025_02_22_110409_create_temp_sales_table', 1),
(13, '2025_02_23_131133_create_temp_purchases_table', 1),
(14, '2025_05_01_070225_create_pengaturan_tokos_table', 1),
(15, '2025_06_14_234134_add_user_id_and_product_id_to_temp_sales_table', 2),
(16, '2025_06_15_055938_add_product_id_and_user_id_to_temp_sales_table', 3),
(17, '2025_06_17_025302_make_sales_columns_nullable', 4),
(18, '2025_06_17_031838_make_sales_columns_', 5),
(19, '2025_06_19_031400_add_unique_to_suppliers', 6),
(20, '2025_06_19_031708_add_unique_to_products', 7),
(21, '2025_06_21_000603_add_payment_columns_to_purchases_table', 8),
(22, '2025_06_22_115954_add_deleted_at_to_purchases_table', 9),
(23, '2025_06_22_122318_add_total_to_purchase_details_table', 10);

-- --------------------------------------------------------

--
-- Table structure for table `password_reset_tokens`
--

CREATE TABLE `password_reset_tokens` (
  `email` varchar(255) NOT NULL,
  `token` varchar(255) NOT NULL,
  `created_at` timestamp NULL DEFAULT NULL
) ENGINE=InnoDB DEFAULT CHARSET=utf8mb4 COLLATE=utf8mb4_unicode_ci;

-- --------------------------------------------------------

--
-- Table structure for table `pengaturan_tokos`
--

CREATE TABLE `pengaturan_tokos` (
  `id` bigint(20) UNSIGNED NOT NULL,
  `nama_toko` varchar(255) NOT NULL,
  `alamat` varchar(255) NOT NULL,
  `no_telp` varchar(255) NOT NULL,
  `created_at` timestamp NULL DEFAULT NULL,
  `updated_at` timestamp NULL DEFAULT NULL
) ENGINE=InnoDB DEFAULT CHARSET=utf8mb4 COLLATE=utf8mb4_unicode_ci;

--
-- Dumping data for table `pengaturan_tokos`
--

INSERT INTO `pengaturan_tokos` (`id`, `nama_toko`, `alamat`, `no_telp`, `created_at`, `updated_at`) VALUES
(1, 'Collier Group', '64762 Ruecker Cliff Suite 056\nTremblayville, ND 89107', '385-473-4457', '2025-05-15 17:24:17', '2025-05-15 17:24:17'),
(2, 'Metz, Howell and Roberts', '82719 Lynch Course\nNew Bellmouth, AR 22156', '1-443-384-9201', '2025-05-18 17:09:43', '2025-05-18 17:09:43'),
(3, 'Torphy LLC', '17640 Asia Mountain Apt. 475\nMoniqueberg, UT 43618-5325', '(917) 636-6315', '2025-05-18 17:30:09', '2025-05-18 17:30:09');

-- --------------------------------------------------------

--
-- Table structure for table `personal_access_tokens`
--

CREATE TABLE `personal_access_tokens` (
  `id` bigint(20) UNSIGNED NOT NULL,
  `tokenable_type` varchar(255) NOT NULL,
  `tokenable_id` bigint(20) UNSIGNED NOT NULL,
  `name` varchar(255) NOT NULL,
  `token` varchar(64) NOT NULL,
  `abilities` text DEFAULT NULL,
  `last_used_at` timestamp NULL DEFAULT NULL,
  `expires_at` timestamp NULL DEFAULT NULL,
  `created_at` timestamp NULL DEFAULT NULL,
  `updated_at` timestamp NULL DEFAULT NULL
) ENGINE=InnoDB DEFAULT CHARSET=utf8mb4 COLLATE=utf8mb4_unicode_ci;

--
-- Dumping data for table `personal_access_tokens`
--

INSERT INTO `personal_access_tokens` (`id`, `tokenable_type`, `tokenable_id`, `name`, `token`, `abilities`, `last_used_at`, `expires_at`, `created_at`, `updated_at`) VALUES
(2, 'App\\Models\\User', 21, 'token', 'e6f2301285984623dcd9fe548830eec6fa1479d650d146f1bd8eff6f6f74453b', '[\"*\"]', '2025-05-18 17:32:01', NULL, '2025-05-18 17:22:45', '2025-05-18 17:32:01'),
(12, 'App\\Models\\User', 38, 'token', '8859f475bf640f69553453fe89c5f7a583578aecb42401e0e7b648dc1d6104e4', '[\"*\"]', NULL, NULL, '2025-05-22 21:13:18', '2025-05-22 21:13:18'),
(20, 'App\\Models\\User', 41, 'token', '7daa5009e43848320717b86ea335b9312fd3f4615e2845b9e370c762a604d35d', '[\"*\"]', NULL, NULL, '2025-05-24 22:58:55', '2025-05-24 22:58:55'),
(22, 'App\\Models\\User', 42, 'token', 'd262b75d9cff685cfa7e33a0289546904e584520068e3293f51e00a5a2491a46', '[\"*\"]', NULL, NULL, '2025-05-25 20:54:45', '2025-05-25 20:54:45'),
(66, 'App\\Models\\User', 43, 'token', '43e0c24f5361c90b023c2de40fff74a56128640fbf5ca6db99b117057a9bac42', '[\"*\"]', NULL, NULL, '2025-06-08 22:33:54', '2025-06-08 22:33:54'),
(110, 'App\\Models\\User', 45, 'token', '8cffc3a004669820f045f71aa435643a7e4d2f7ba25d75406f40c8cdfbb8b713', '[\"*\"]', NULL, NULL, '2025-06-09 16:28:14', '2025-06-09 16:28:14'),
(155, 'App\\Models\\User', 39, 'token', '22ab0360764ad6d6b0e92f95c268ed8ed689015a571a4851f025f279d35eb988', '[\"*\"]', '2025-06-14 22:00:45', NULL, '2025-06-14 20:45:05', '2025-06-14 22:00:45'),
(332, 'App\\Models\\User', 46, 'token', '0ffe33345298f3efb8955eaee381f831b27a75f72b08abc1b897e0202d522a3b', '[\"*\"]', '2025-06-23 01:50:21', NULL, '2025-06-23 01:45:55', '2025-06-23 01:50:21'),
(352, 'App\\Models\\User', 37, 'token', '2349023faca2dd86c5b1152c7a671c5158f36aef258ff6113a1216d8cd5f6c34', '[\"*\"]', '2025-06-23 08:17:25', NULL, '2025-06-23 08:04:45', '2025-06-23 08:17:25');

-- --------------------------------------------------------

--
-- Table structure for table `products`
--

CREATE TABLE `products` (
  `id` bigint(20) UNSIGNED NOT NULL,
  `nama_produk` varchar(255) NOT NULL,
  `harga_beli` int(11) NOT NULL,
  `harga_jual` int(11) NOT NULL,
  `stok` int(11) NOT NULL,
  `satuan` enum('pcs','karton') NOT NULL,
  `barcode` varchar(255) NOT NULL,
  `created_at` timestamp NULL DEFAULT NULL,
  `updated_at` timestamp NULL DEFAULT NULL
) ENGINE=InnoDB DEFAULT CHARSET=utf8mb4 COLLATE=utf8mb4_unicode_ci;

--
-- Dumping data for table `products`
--

INSERT INTO `products` (`id`, `nama_produk`, `harga_beli`, `harga_jual`, `stok`, `satuan`, `barcode`, `created_at`, `updated_at`) VALUES
(6, 'pasta gigi pepsodent', 6000, 6000, 11, 'pcs', '1798856390', '2025-05-15 17:24:18', '2025-06-22 22:17:05'),
(7, 'Marina 250gr', 7000, 8000, 15, 'pcs', '6414114991', '2025-05-15 17:24:18', '2025-06-22 13:40:34'),
(9, 'marjan', 20000, 22000, 11, 'pcs', '6813547247', '2025-05-15 17:24:18', '2025-06-23 01:47:21'),
(15, 'telur', 2000, 3000, 45, 'pcs', '2880098793', '2025-05-15 17:24:18', '2025-06-23 05:25:25'),
(20, 'bumbu racik', 38341, 42654, 18, 'pcs', '0382692793', '2025-05-15 17:24:18', '2025-06-23 04:43:46'),
(23, 'betadine 15ml', 7000, 8000, 30, 'pcs', '4048584475', '2025-05-15 17:24:18', '2025-06-23 04:43:46'),
(57, 'sosis kanzler', 8500, 9000, 26, 'pcs', '2166212441', '2025-05-18 17:30:10', '2025-06-23 05:24:19'),
(69, 'gula', 19000, 20000, 21, 'pcs', '2174138711', '2025-05-18 17:30:10', '2025-06-22 08:08:56'),
(75, 'mangga', 52376, 82606, 11, 'pcs', '0018009142', '2025-05-18 17:30:10', '2025-06-22 12:55:37'),
(76, 'es cream', 1500, 3000, 39, 'pcs', '9876521342', '2025-06-01 16:24:05', '2025-06-23 01:27:44'),
(80, 'kecap', 1500, 3000, 45, 'pcs', '6545678798', '2025-06-08 21:01:17', '2025-06-23 00:18:36'),
(81, 'micin', 1500, 3000, 27, 'pcs', '6045678798', '2025-06-08 21:21:13', '2025-06-23 07:45:49'),
(83, 'kecap abc 200ml', 4000, 5000, 20, 'pcs', '287654567865', '2025-06-09 03:12:49', '2025-06-23 04:43:46'),
(85, 'tepung terigu', 7000, 8000, 32, 'pcs', '928262411', '2025-06-09 18:29:36', '2025-06-23 05:24:38'),
(86, 'sprite', 2500, 3000, 19, 'pcs', '87654567865', '2025-06-12 17:45:49', '2025-06-22 08:11:21'),
(87, 'deterjen', 4000, 5000, 29, 'pcs', '876542243', '2025-06-12 22:04:19', '2025-06-23 07:45:49'),
(88, 'nutrisari', 1000, 2000, 6, 'pcs', '9865467887', '2025-06-17 19:11:41', '2025-06-20 00:56:21'),
(89, 'emeron sachet', 250, 500, 43, 'pcs', '87654567890', '2025-06-17 19:38:33', '2025-06-23 04:43:46'),
(90, 'bumbu nasi goreng sajiku', 2500, 3000, 29, 'pcs', '1876545678', '2025-06-17 19:56:41', '2025-06-23 04:43:46'),
(91, 'merica bubuk', 1000, 2000, 15, 'pcs', '9876543456789', '2025-06-17 20:50:25', '2025-06-22 13:49:51'),
(92, 'nutrijel', 1500, 2500, 20, 'pcs', '76521027153', '2025-06-18 15:20:10', '2025-06-22 08:11:21'),
(93, 'ladaku kunyit bubuk', 1000, 2000, 24, 'pcs', '82262519115', '2025-06-18 19:42:10', '2025-06-23 04:43:46'),
(94, 'sunlight 250ml', 4000, 5000, 33, 'pcs', '92875631278', '2025-06-19 01:27:38', '2025-06-22 23:51:47'),
(95, 'royco', 250, 500, 24, 'pcs', '1983672529723', '2025-06-19 19:06:34', '2025-06-23 05:24:19'),
(96, 'bensin', 2000, 30000, 20, 'pcs', '9282725281', '2025-06-23 04:59:42', '2025-06-23 06:02:08'),
(97, 'air mineral', 1500, 2000, 36, 'pcs', '927262180116', '2025-06-23 05:12:03', '2025-06-23 05:57:52'),
(98, 'teh', 2000, 3000, 24, 'pcs', '02826251919', '2025-06-23 05:14:07', '2025-06-23 05:14:07'),
(99, 'kartu uno', 19000, 20000, 5, 'pcs', '874259694642', '2025-06-23 05:42:51', '2025-06-23 05:42:51'),
(100, 'es batu', 500, 1000, 20, 'pcs', '96434789953', '2025-06-23 05:46:34', '2025-06-23 05:47:46');

-- --------------------------------------------------------

--
-- Table structure for table `purchases`
--

CREATE TABLE `purchases` (
  `id` bigint(20) UNSIGNED NOT NULL,
  `supplier_id` bigint(20) UNSIGNED NOT NULL,
  `tanggal` date NOT NULL,
  `jam` time NOT NULL,
  `created_at` timestamp NULL DEFAULT NULL,
  `updated_at` timestamp NULL DEFAULT NULL
) ENGINE=InnoDB DEFAULT CHARSET=utf8mb4 COLLATE=utf8mb4_unicode_ci;

--
-- Dumping data for table `purchases`
--

INSERT INTO `purchases` (`id`, `supplier_id`, `tanggal`, `jam`, `created_at`, `updated_at`) VALUES
(93, 157, '2025-06-22', '13:53:19', '2025-06-22 06:53:19', '2025-06-22 06:53:19'),
(94, 156, '2025-06-22', '15:08:56', '2025-06-22 08:08:56', '2025-06-22 08:08:56'),
(95, 153, '2025-06-22', '15:11:21', '2025-06-22 08:11:21', '2025-06-22 08:11:21'),
(96, 156, '2025-06-22', '15:27:06', '2025-06-22 08:27:06', '2025-06-22 08:27:06'),
(97, 160, '2025-06-22', '19:17:04', '2025-06-22 12:17:04', '2025-06-22 12:17:04'),
(98, 156, '2025-06-22', '19:51:18', '2025-06-22 12:51:18', '2025-06-22 12:51:18'),
(99, 152, '2025-06-22', '19:55:37', '2025-06-22 12:55:37', '2025-06-22 12:55:37'),
(100, 151, '2025-06-22', '20:39:18', '2025-06-22 13:39:18', '2025-06-22 13:39:18'),
(101, 157, '2025-06-22', '20:40:34', '2025-06-22 13:40:34', '2025-06-22 13:40:34'),
(102, 159, '2025-06-22', '20:49:51', '2025-06-22 13:49:51', '2025-06-22 13:49:51'),
(103, 159, '2025-06-22', '20:50:14', '2025-06-22 13:50:14', '2025-06-22 13:50:14'),
(104, 22, '2025-06-22', '20:55:24', '2025-06-22 13:55:24', '2025-06-22 13:55:24'),
(105, 22, '2025-06-22', '21:01:15', '2025-06-22 14:01:15', '2025-06-22 14:01:15'),
(106, 151, '2025-06-22', '21:03:03', '2025-06-22 14:03:03', '2025-06-22 14:03:03'),
(107, 156, '2025-06-22', '21:17:22', '2025-06-22 14:17:22', '2025-06-22 14:17:22'),
(108, 156, '2025-06-22', '21:31:18', '2025-06-22 14:31:18', '2025-06-22 14:31:18'),
(109, 153, '2025-06-22', '21:45:09', '2025-06-22 14:45:09', '2025-06-22 14:45:09'),
(110, 159, '2025-06-22', '21:59:34', '2025-06-22 14:59:34', '2025-06-22 14:59:34'),
(111, 155, '2025-06-22', '22:05:21', '2025-06-22 15:05:21', '2025-06-22 15:05:21'),
(112, 156, '2025-06-22', '22:08:50', '2025-06-22 15:08:50', '2025-06-22 15:08:50'),
(113, 155, '2025-06-22', '22:10:13', '2025-06-22 15:10:13', '2025-06-22 15:10:13'),
(114, 152, '2025-06-22', '22:30:33', '2025-06-22 15:30:33', '2025-06-22 15:30:33'),
(115, 158, '2025-06-22', '22:47:54', '2025-06-22 15:47:54', '2025-06-22 15:47:54'),
(116, 155, '2025-06-23', '06:21:27', '2025-06-22 23:21:27', '2025-06-22 23:21:27'),
(117, 156, '2025-06-23', '10:50:36', '2025-06-23 03:50:36', '2025-06-23 03:50:36'),
(118, 156, '2025-06-23', '11:00:37', '2025-06-23 04:00:37', '2025-06-23 04:00:37'),
(119, 151, '2025-06-23', '12:57:52', '2025-06-23 05:57:52', '2025-06-23 05:57:52'),
(120, 19, '2025-06-23', '13:02:08', '2025-06-23 06:02:08', '2025-06-23 06:02:08'),
(121, 153, '2025-06-23', '14:45:49', '2025-06-23 07:45:49', '2025-06-23 07:45:49');

-- --------------------------------------------------------

--
-- Table structure for table `purchase_details`
--

CREATE TABLE `purchase_details` (
  `id` bigint(20) UNSIGNED NOT NULL,
  `purchase_id` bigint(20) UNSIGNED NOT NULL,
  `product_id` bigint(20) UNSIGNED NOT NULL,
  `harga_beli` int(11) NOT NULL,
  `jumlah` int(11) NOT NULL,
  `total` bigint(20) UNSIGNED NOT NULL,
  `created_at` timestamp NULL DEFAULT NULL,
  `updated_at` timestamp NULL DEFAULT NULL
) ENGINE=InnoDB DEFAULT CHARSET=utf8mb4 COLLATE=utf8mb4_unicode_ci;

--
-- Dumping data for table `purchase_details`
--

INSERT INTO `purchase_details` (`id`, `purchase_id`, `product_id`, `harga_beli`, `jumlah`, `total`, `created_at`, `updated_at`) VALUES
(97, 93, 76, 1500, 10, 15000, '2025-06-22 06:53:19', '2025-06-22 06:53:19'),
(98, 94, 76, 1500, 10, 15000, '2025-06-22 08:08:56', '2025-06-22 08:08:56'),
(99, 94, 69, 19000, 10, 190000, '2025-06-22 08:08:56', '2025-06-22 08:08:56'),
(100, 95, 92, 1500, 10, 15000, '2025-06-22 08:11:21', '2025-06-22 08:11:21'),
(101, 95, 86, 2500, 10, 25000, '2025-06-22 08:11:21', '2025-06-22 08:11:21'),
(102, 96, 23, 7000, 6, 42000, '2025-06-22 08:27:06', '2025-06-22 08:27:06'),
(103, 97, 93, 1000, 10, 10000, '2025-06-22 12:17:04', '2025-06-22 12:17:04'),
(104, 97, 80, 1500, 5, 7500, '2025-06-22 12:17:04', '2025-06-22 12:17:04'),
(105, 97, 90, 2500, 5, 12500, '2025-06-22 12:17:04', '2025-06-22 12:17:04'),
(106, 98, 23, 7000, 5, 35000, '2025-06-22 12:51:18', '2025-06-22 12:51:18'),
(107, 98, 89, 250, 5, 1250, '2025-06-22 12:51:18', '2025-06-22 12:51:18'),
(108, 99, 87, 4000, 10, 40000, '2025-06-22 12:55:37', '2025-06-22 12:55:37'),
(109, 99, 75, 52376, 10, 523760, '2025-06-22 12:55:37', '2025-06-22 12:55:37'),
(110, 100, 15, 2000, 10, 20000, '2025-06-22 13:39:18', '2025-06-22 13:39:18'),
(111, 100, 85, 7000, 10, 70000, '2025-06-22 13:39:18', '2025-06-22 13:39:18'),
(112, 101, 81, 1500, 12, 18000, '2025-06-22 13:40:34', '2025-06-22 13:40:34'),
(113, 101, 80, 1500, 10, 15000, '2025-06-22 13:40:34', '2025-06-22 13:40:34'),
(114, 101, 83, 4000, 10, 40000, '2025-06-22 13:40:34', '2025-06-22 13:40:34'),
(115, 101, 90, 2500, 10, 25000, '2025-06-22 13:40:34', '2025-06-22 13:40:34'),
(116, 101, 7, 7000, 10, 70000, '2025-06-22 13:40:34', '2025-06-22 13:40:34'),
(117, 101, 9, 20000, 10, 200000, '2025-06-22 13:40:34', '2025-06-22 13:40:34'),
(118, 102, 91, 1000, 10, 10000, '2025-06-22 13:49:51', '2025-06-22 13:49:51'),
(119, 102, 94, 4000, 10, 40000, '2025-06-22 13:49:51', '2025-06-22 13:49:51'),
(120, 103, 20, 38341, 5, 191705, '2025-06-22 13:50:14', '2025-06-22 13:50:14'),
(121, 104, 57, 8500, 20, 170000, '2025-06-22 13:55:24', '2025-06-22 13:55:24'),
(122, 105, 90, 2500, 2, 5000, '2025-06-22 14:01:15', '2025-06-22 14:01:15'),
(123, 106, 95, 250, 20, 5000, '2025-06-22 14:03:03', '2025-06-22 14:03:03'),
(124, 106, 6, 6000, 10, 60000, '2025-06-22 14:03:03', '2025-06-22 14:03:03'),
(125, 107, 23, 7000, 2, 14000, '2025-06-22 14:17:22', '2025-06-22 14:17:22'),
(126, 108, 89, 250, 2, 500, '2025-06-22 14:31:18', '2025-06-22 14:31:18'),
(127, 109, 90, 2500, 2, 5000, '2025-06-22 14:45:09', '2025-06-22 14:45:09'),
(128, 110, 20, 38341, 10, 383410, '2025-06-22 14:59:35', '2025-06-22 14:59:35'),
(129, 110, 89, 250, 2, 500, '2025-06-22 14:59:35', '2025-06-22 14:59:35'),
(130, 111, 57, 8500, 5, 42500, '2025-06-22 15:05:21', '2025-06-22 15:05:21'),
(131, 112, 90, 2500, 1, 2500, '2025-06-22 15:08:50', '2025-06-22 15:08:50'),
(132, 113, 87, 4000, 5, 20000, '2025-06-22 15:10:13', '2025-06-22 15:10:13'),
(133, 114, 23, 7000, 2, 14000, '2025-06-22 15:30:33', '2025-06-22 15:30:33'),
(134, 115, 94, 4000, 10, 40000, '2025-06-22 15:47:54', '2025-06-22 15:47:54'),
(135, 115, 89, 250, 15, 3750, '2025-06-22 15:47:54', '2025-06-22 15:47:54'),
(138, 116, 85, 7000, 10, 70000, '2025-06-22 23:51:47', '2025-06-22 23:51:47'),
(139, 116, 94, 4000, 5, 20000, '2025-06-22 23:51:47', '2025-06-22 23:51:47'),
(141, 117, 87, 4000, 12, 48000, '2025-06-23 03:50:50', '2025-06-23 03:50:50'),
(142, 117, 20, 38341, 2, 76682, '2025-06-23 03:50:50', '2025-06-23 03:50:50'),
(143, 118, 23, 7000, 5, 35000, '2025-06-23 04:00:37', '2025-06-23 04:00:37'),
(144, 119, 97, 1500, 12, 18000, '2025-06-23 05:57:52', '2025-06-23 05:57:52'),
(145, 120, 96, 2000, 10, 20000, '2025-06-23 06:02:08', '2025-06-23 06:02:08'),
(146, 121, 81, 1500, 10, 15000, '2025-06-23 07:45:49', '2025-06-23 07:45:49'),
(147, 121, 87, 4000, 5, 20000, '2025-06-23 07:45:49', '2025-06-23 07:45:49');

-- --------------------------------------------------------

--
-- Table structure for table `sales`
--

CREATE TABLE `sales` (
  `id` bigint(20) UNSIGNED NOT NULL,
  `user_id` bigint(20) UNSIGNED NOT NULL,
  `total_harga` int(11) DEFAULT NULL,
  `diterima` int(11) DEFAULT NULL,
  `kembali` int(11) DEFAULT NULL,
  `tanggal` date DEFAULT NULL,
  `jam` time DEFAULT NULL,
  `created_at` timestamp NULL DEFAULT NULL,
  `updated_at` timestamp NULL DEFAULT NULL
) ENGINE=InnoDB DEFAULT CHARSET=utf8mb4 COLLATE=utf8mb4_unicode_ci;

--
-- Dumping data for table `sales`
--

INSERT INTO `sales` (`id`, `user_id`, `total_harga`, `diterima`, `kembali`, `tanggal`, `jam`, `created_at`, `updated_at`) VALUES
(1, 0, 65019, 71087, 1348, '2011-12-31', '07:31:02', '2025-05-15 17:24:18', '2025-05-15 17:24:18'),
(2, 0, 73341, 49929, 161, '2021-09-11', '13:15:52', '2025-05-15 17:24:18', '2025-05-15 17:24:18'),
(3, 0, 28527, 76653, 2063, '2004-03-06', '02:42:20', '2025-05-15 17:24:18', '2025-05-15 17:24:18'),
(4, 0, 64006, 91443, 6911, '2016-11-30', '18:37:56', '2025-05-15 17:24:18', '2025-05-15 17:24:18'),
(5, 0, 87478, 76592, 4934, '2002-09-06', '02:50:19', '2025-05-15 17:24:18', '2025-05-15 17:24:18'),
(6, 0, 52878, 44234, 1484, '2003-05-08', '18:39:01', '2025-05-15 17:24:18', '2025-05-15 17:24:18'),
(7, 0, 93691, 98419, 7943, '1970-12-14', '06:13:57', '2025-05-15 17:24:18', '2025-05-15 17:24:18'),
(8, 0, 55676, 22251, 6453, '1971-06-03', '19:46:55', '2025-05-15 17:24:18', '2025-05-15 17:24:18'),
(9, 0, 21820, 40918, 1969, '1996-05-27', '20:14:54', '2025-05-15 17:24:18', '2025-05-15 17:24:18'),
(10, 0, 39171, 41316, 5486, '1991-08-30', '04:48:38', '2025-05-15 17:24:18', '2025-05-15 17:24:18'),
(11, 0, 64723, 98005, 5146, '1997-01-17', '21:05:52', '2025-05-15 17:24:18', '2025-05-15 17:24:18'),
(12, 0, 92870, 81449, 5690, '1987-02-08', '03:24:10', '2025-05-15 17:24:18', '2025-05-15 17:24:18'),
(13, 0, 57953, 96098, 1798, '2007-01-17', '16:23:47', '2025-05-15 17:24:18', '2025-05-15 17:24:18'),
(14, 0, 70625, 79546, 2525, '1991-02-11', '08:31:57', '2025-05-15 17:24:18', '2025-05-15 17:24:18'),
(15, 0, 57546, 82093, 4243, '1997-06-02', '03:37:37', '2025-05-15 17:24:18', '2025-05-15 17:24:18'),
(16, 0, 45870, 93540, 5220, '1994-07-04', '21:05:18', '2025-05-15 17:24:18', '2025-05-15 17:24:18'),
(17, 0, 43928, 77056, 8245, '1997-01-10', '23:14:00', '2025-05-15 17:24:18', '2025-05-15 17:24:18'),
(18, 0, 42302, 31034, 9540, '1981-02-11', '10:33:10', '2025-05-15 17:24:18', '2025-05-15 17:24:18'),
(19, 0, 95011, 86325, 7337, '1984-02-19', '17:05:35', '2025-05-15 17:24:18', '2025-05-15 17:24:18'),
(20, 0, 46340, 96193, 9974, '1977-06-10', '08:41:19', '2025-05-15 17:24:18', '2025-05-15 17:24:18'),
(21, 0, 54037, 84138, 2962, '2009-08-07', '18:54:15', '2025-05-15 17:24:18', '2025-05-15 17:24:18'),
(22, 0, 81201, 17703, 3038, '2018-12-30', '11:32:42', '2025-05-15 17:24:18', '2025-05-15 17:24:18'),
(23, 0, 14713, 92856, 6242, '2019-09-29', '00:44:42', '2025-05-15 17:24:18', '2025-05-15 17:24:18'),
(24, 0, 87846, 93030, 8970, '1977-07-04', '20:52:56', '2025-05-15 17:24:18', '2025-05-15 17:24:18'),
(25, 0, 36756, 14228, 2964, '2008-06-19', '22:50:14', '2025-05-15 17:24:18', '2025-05-15 17:24:18'),
(26, 0, 39090, 92443, 6582, '2016-06-23', '01:38:13', '2025-05-18 17:09:43', '2025-05-18 17:09:43'),
(27, 0, 16339, 67674, 8761, '1993-10-30', '18:49:29', '2025-05-18 17:09:43', '2025-05-18 17:09:43'),
(28, 0, 71407, 82345, 9149, '1990-04-30', '16:16:07', '2025-05-18 17:09:43', '2025-05-18 17:09:43'),
(29, 0, 46563, 58973, 8942, '2023-09-16', '18:43:53', '2025-05-18 17:09:43', '2025-05-18 17:09:43'),
(30, 0, 48516, 51051, 786, '1978-04-30', '06:08:30', '2025-05-18 17:09:43', '2025-05-18 17:09:43'),
(31, 0, 12570, 28268, 2005, '2003-12-28', '16:58:01', '2025-05-18 17:09:43', '2025-05-18 17:09:43'),
(32, 0, 32068, 35698, 6645, '1992-12-18', '21:11:55', '2025-05-18 17:09:43', '2025-05-18 17:09:43'),
(33, 0, 37584, 98711, 7420, '2024-07-20', '22:26:43', '2025-05-18 17:09:43', '2025-05-18 17:09:43'),
(34, 0, 46859, 92587, 2414, '1991-10-21', '02:19:35', '2025-05-18 17:09:43', '2025-05-18 17:09:43'),
(35, 0, 13773, 71157, 2961, '1981-03-28', '03:45:28', '2025-05-18 17:09:43', '2025-05-18 17:09:43'),
(36, 0, 13710, 95475, 4901, '1976-01-27', '02:11:14', '2025-05-18 17:09:43', '2025-05-18 17:09:43'),
(37, 0, 75040, 57676, 3428, '2005-06-03', '08:38:25', '2025-05-18 17:09:43', '2025-05-18 17:09:43'),
(38, 0, 36463, 14732, 8411, '1973-01-09', '14:14:21', '2025-05-18 17:09:43', '2025-05-18 17:09:43'),
(39, 0, 18354, 41819, 1176, '1989-05-01', '17:39:22', '2025-05-18 17:09:43', '2025-05-18 17:09:43'),
(40, 0, 80617, 58595, 3956, '2013-07-18', '21:49:56', '2025-05-18 17:09:43', '2025-05-18 17:09:43'),
(41, 0, 82982, 15665, 5291, '1974-05-18', '19:48:41', '2025-05-18 17:09:43', '2025-05-18 17:09:43'),
(42, 0, 84177, 73104, 5685, '1993-11-27', '04:38:35', '2025-05-18 17:09:43', '2025-05-18 17:09:43'),
(43, 0, 70857, 79867, 8374, '2015-03-27', '19:50:42', '2025-05-18 17:09:43', '2025-05-18 17:09:43'),
(44, 0, 42478, 95002, 4730, '1995-08-23', '13:33:42', '2025-05-18 17:09:43', '2025-05-18 17:09:43'),
(45, 0, 26321, 16714, 5217, '1987-01-04', '09:22:02', '2025-05-18 17:09:43', '2025-05-18 17:09:43'),
(46, 0, 49733, 94179, 2181, '1974-10-11', '08:56:25', '2025-05-18 17:09:43', '2025-05-18 17:09:43'),
(47, 0, 92344, 34689, 2075, '2008-05-01', '09:15:20', '2025-05-18 17:09:43', '2025-05-18 17:09:43'),
(48, 0, 97450, 64000, 8851, '1990-04-03', '22:16:31', '2025-05-18 17:09:43', '2025-05-18 17:09:43'),
(49, 0, 78627, 52060, 202, '2013-07-19', '09:44:02', '2025-05-18 17:09:43', '2025-05-18 17:09:43'),
(50, 0, 47735, 68327, 9833, '1983-06-16', '12:17:14', '2025-05-18 17:09:43', '2025-05-18 17:09:43'),
(51, 0, 40005, 19095, 3370, '2001-06-03', '18:21:38', '2025-05-18 17:30:10', '2025-05-18 17:30:10'),
(52, 0, 22833, 40892, 1352, '1993-10-09', '14:51:34', '2025-05-18 17:30:10', '2025-05-18 17:30:10'),
(53, 0, 28346, 28322, 1342, '1973-12-25', '13:20:21', '2025-05-18 17:30:10', '2025-05-18 17:30:10'),
(54, 0, 90463, 39930, 9890, '1975-05-14', '15:51:32', '2025-05-18 17:30:10', '2025-05-18 17:30:10'),
(55, 0, 52078, 95021, 2948, '1987-02-27', '05:16:17', '2025-05-18 17:30:10', '2025-05-18 17:30:10'),
(56, 0, 83768, 28262, 9252, '1990-07-21', '23:15:02', '2025-05-18 17:30:10', '2025-05-18 17:30:10'),
(57, 0, 24300, 52951, 9038, '2010-04-01', '04:54:35', '2025-05-18 17:30:10', '2025-05-18 17:30:10'),
(58, 0, 23462, 13626, 5993, '1972-09-12', '11:17:21', '2025-05-18 17:30:10', '2025-05-18 17:30:10'),
(59, 0, 71742, 62211, 8008, '2009-10-27', '15:28:51', '2025-05-18 17:30:10', '2025-05-18 17:30:10'),
(60, 0, 45617, 46203, 2907, '1994-09-16', '09:03:07', '2025-05-18 17:30:10', '2025-05-18 17:30:10'),
(61, 0, 61841, 15317, 8306, '2017-05-31', '14:27:41', '2025-05-18 17:30:10', '2025-05-18 17:30:10'),
(62, 0, 54689, 81824, 5071, '2002-03-20', '18:41:52', '2025-05-18 17:30:10', '2025-05-18 17:30:10'),
(63, 0, 61014, 89000, 4966, '2004-02-19', '05:56:28', '2025-05-18 17:30:10', '2025-05-18 17:30:10'),
(64, 0, 66879, 15478, 5510, '1979-06-01', '05:05:12', '2025-05-18 17:30:10', '2025-05-18 17:30:10'),
(65, 0, 98882, 15994, 2258, '1976-12-26', '20:10:20', '2025-05-18 17:30:10', '2025-05-18 17:30:10'),
(66, 0, 46676, 74101, 1325, '2004-05-19', '05:35:29', '2025-05-18 17:30:10', '2025-05-18 17:30:10'),
(67, 0, 84745, 21755, 6066, '1970-01-12', '11:06:21', '2025-05-18 17:30:10', '2025-05-18 17:30:10'),
(68, 0, 78860, 45535, 2042, '2010-09-25', '15:42:53', '2025-05-18 17:30:10', '2025-05-18 17:30:10'),
(69, 0, 59533, 29048, 8681, '2021-11-22', '14:11:32', '2025-05-18 17:30:10', '2025-05-18 17:30:10'),
(70, 0, 13068, 62675, 851, '2005-11-09', '20:50:52', '2025-05-18 17:30:10', '2025-05-18 17:30:10'),
(71, 0, 79775, 59809, 9523, '1996-11-26', '12:55:23', '2025-05-18 17:30:10', '2025-05-18 17:30:10'),
(72, 0, 66494, 52467, 6425, '1977-10-02', '23:23:06', '2025-05-18 17:30:10', '2025-05-18 17:30:10'),
(73, 0, 89419, 91531, 4040, '2005-02-16', '05:17:03', '2025-05-18 17:30:10', '2025-05-18 17:30:10'),
(74, 0, 73239, 13209, 5391, '1981-10-10', '04:02:43', '2025-05-18 17:30:10', '2025-05-18 17:30:10'),
(75, 0, 35154, 21711, 3199, '2024-10-19', '09:54:04', '2025-05-18 17:30:10', '2025-05-18 17:30:10'),
(76, 0, 10000, 0, 0, '2025-06-15', '05:15:00', '2025-06-14 22:15:00', '2025-06-14 22:15:00'),
(77, 0, 10000, 0, 0, '2025-06-15', '06:03:26', '2025-06-14 23:03:26', '2025-06-14 23:03:26'),
(78, 0, 30000, 0, 0, '2025-06-15', '06:16:14', '2025-06-14 23:16:14', '2025-06-14 23:16:14'),
(79, 0, 110000, 0, 0, '2025-06-15', '06:20:43', '2025-06-14 23:20:43', '2025-06-14 23:20:43'),
(80, 0, 572000, 0, 0, '2025-06-15', '06:25:51', '2025-06-14 23:25:51', '2025-06-14 23:25:51'),
(81, 0, 672000, 0, 0, '2025-06-15', '06:50:14', '2025-06-14 23:50:14', '2025-06-14 23:50:14'),
(82, 37, 14000, 15000, 1000, '2025-06-20', '06:55:00', '2025-06-19 16:55:44', '2025-06-19 16:55:44'),
(86, 37, 11000, 15000, 4000, '2025-06-20', '11:38:08', '2025-06-19 21:38:08', '2025-06-19 21:38:08'),
(87, 37, 11000, 15000, 4000, '2025-06-20', '11:40:19', '2025-06-19 21:40:20', '2025-06-19 21:40:20'),
(88, 37, 11000, 15000, 4000, '2025-06-20', '11:40:40', '2025-06-19 21:40:40', '2025-06-19 21:40:40'),
(89, 37, 14000, 20000, 6000, '2025-06-15', '21:43:00', '2025-06-19 21:43:14', '2025-06-19 21:43:14'),
(90, 37, 8000, 10000, 2000, '2025-06-20', '11:48:58', '2025-06-19 21:48:58', '2025-06-19 21:48:58'),
(91, 37, 3000, 5000, 2000, '2025-06-20', '12:27:52', '2025-06-19 22:27:53', '2025-06-19 22:27:53'),
(92, 37, 35500, 50000, 14500, '2025-06-20', '12:29:07', '2025-06-19 22:29:08', '2025-06-19 22:29:08'),
(93, 37, 5500, 6000, 500, '2025-06-20', '12:37:40', '2025-06-19 22:37:40', '2025-06-19 22:37:40'),
(94, 37, 40000, 40000, 0, '2025-06-20', '12:38:21', '2025-06-19 22:38:21', '2025-06-19 22:38:21'),
(95, 37, 24000, 25000, 1000, '2025-06-20', '12:42:16', '2025-06-19 22:42:16', '2025-06-19 22:42:16'),
(96, 37, 24000, 25000, 1000, '2025-06-20', '12:42:48', '2025-06-19 22:42:49', '2025-06-19 22:42:49'),
(97, 37, 47654, 50000, 2346, '2025-06-20', '12:47:47', '2025-06-19 22:47:48', '2025-06-19 22:47:48'),
(98, 37, 47654, 50000, 2346, '2025-06-20', '12:47:56', '2025-06-19 22:47:56', '2025-06-19 22:47:56'),
(99, 37, 9000, 10000, 1000, '2025-06-20', '13:18:56', '2025-06-19 23:18:57', '2025-06-19 23:18:57'),
(100, 37, 9000, 10000, 1000, '2025-06-20', '13:19:03', '2025-06-19 23:19:04', '2025-06-19 23:19:04'),
(101, 37, 9000, 10000, 1000, '2025-06-20', '13:19:09', '2025-06-19 23:19:10', '2025-06-19 23:19:10'),
(102, 37, 9000, 10000, 1000, '2025-06-20', '13:19:33', '2025-06-19 23:19:34', '2025-06-19 23:19:34'),
(103, 37, 9000, 10000, 1000, '2025-06-20', '13:19:39', '2025-06-19 23:19:39', '2025-06-19 23:19:39'),
(105, 37, 3000, 5000, 2000, '2025-06-20', '13:20:51', '2025-06-19 23:20:52', '2025-06-19 23:20:52'),
(106, 37, 3000, 5000, 2000, '2025-06-20', '13:21:12', '2025-06-19 23:21:13', '2025-06-19 23:21:13'),
(107, 37, 14000, 20000, 6000, '2025-06-15', '21:43:00', '2025-06-19 23:23:26', '2025-06-19 23:23:26'),
(108, 37, 42654, 50000, 7346, '2025-06-20', '13:29:21', '2025-06-19 23:29:22', '2025-06-19 23:29:22'),
(109, 37, 42654, 50000, 7346, '2025-06-20', '13:29:47', '2025-06-19 23:29:48', '2025-06-19 23:29:48'),
(110, 37, 42654, 50000, 7346, '2025-06-20', '13:31:57', '2025-06-19 23:31:57', '2025-06-19 23:31:57'),
(111, 37, 42654, 50000, 7346, '2025-06-20', '13:35:49', '2025-06-19 23:35:50', '2025-06-19 23:35:50'),
(112, 37, 42654, 50000, 7346, '2025-06-20', '13:35:55', '2025-06-19 23:35:55', '2025-06-19 23:35:55'),
(113, 37, 3500, 4000, 500, '2025-06-20', '13:54:38', '2025-06-19 23:54:39', '2025-06-19 23:54:39'),
(114, 37, 20000, 20000, 0, '2025-06-20', '13:58:22', '2025-06-19 23:58:22', '2025-06-19 23:58:22'),
(115, 37, 3000, 5000, 2000, '2025-06-20', '14:07:33', '2025-06-20 00:07:34', '2025-06-20 00:07:34'),
(116, 37, 6000, 6000, 0, '2025-06-20', '14:08:19', '2025-06-20 00:08:20', '2025-06-20 00:08:20'),
(117, 37, 132106, 150000, 17894, '2025-06-20', '14:11:23', '2025-06-20 00:11:24', '2025-06-20 00:11:24'),
(118, 37, 16000, 20000, 4000, '2025-06-20', '14:12:07', '2025-06-20 00:12:07', '2025-06-20 00:12:07'),
(119, 37, 44000, 50000, 6000, '2025-06-20', '14:20:54', '2025-06-20 00:20:55', '2025-06-20 00:20:55'),
(120, 37, 6000, 7000, 1000, '2025-06-20', '14:26:31', '2025-06-20 00:26:32', '2025-06-20 00:26:32'),
(121, 37, 12000, 12000, 0, '2025-06-20', '14:56:20', '2025-06-20 00:56:21', '2025-06-20 00:56:21'),
(122, 37, 18000, 18000, 0, '2025-06-20', '15:04:08', '2025-06-20 01:04:08', '2025-06-20 01:04:08'),
(123, 37, 18000, 18000, 0, '2025-06-20', '15:09:07', '2025-06-20 01:09:08', '2025-06-20 01:09:08'),
(124, 37, 18000, 18000, 0, '2025-06-20', '15:12:41', '2025-06-20 01:12:42', '2025-06-20 01:12:42'),
(125, 37, 1000, 1000, 0, '2025-06-20', '15:15:54', '2025-06-20 01:15:54', '2025-06-20 01:15:54'),
(126, 37, 1000, 1000, 0, '2025-06-20', '15:19:03', '2025-06-20 01:19:04', '2025-06-20 01:19:04'),
(127, 37, 1000, 1000, 0, '2025-06-20', '15:19:38', '2025-06-20 01:19:38', '2025-06-20 01:19:38'),
(128, 37, 1000, 1000, 0, '2025-06-20', '15:19:54', '2025-06-20 01:19:55', '2025-06-20 01:19:55'),
(129, 37, 1000, 1000, 0, '2025-06-20', '15:20:07', '2025-06-20 01:20:08', '2025-06-20 01:20:08'),
(130, 37, 1000, 1000, 0, '2025-06-20', '15:20:27', '2025-06-20 01:20:28', '2025-06-20 01:20:28'),
(131, 37, 13500, 15000, 1500, '2025-06-20', '15:21:07', '2025-06-20 01:21:08', '2025-06-20 01:21:08'),
(132, 37, 13500, 15000, 1500, '2025-06-20', '15:22:42', '2025-06-20 01:22:44', '2025-06-20 01:22:44'),
(133, 37, 13500, 15000, 1500, '2025-06-20', '15:28:01', '2025-06-20 01:28:01', '2025-06-20 01:28:01'),
(134, 37, 13500, 15000, 1500, '2025-06-20', '15:30:41', '2025-06-20 01:30:42', '2025-06-20 01:30:42'),
(135, 37, 19000, 20000, 1000, '2025-06-20', '15:33:29', '2025-06-20 01:33:30', '2025-06-20 01:33:30'),
(136, 37, 43000, 50000, 7000, '2025-06-20', '15:41:30', '2025-06-20 01:41:31', '2025-06-20 01:41:31'),
(137, 37, 10000, 10000, 0, '2025-06-20', '17:42:53', '2025-06-20 03:42:53', '2025-06-20 03:42:53'),
(138, 37, 20000, 20000, 0, '2025-06-21', '06:11:31', '2025-06-20 16:11:32', '2025-06-20 16:11:32'),
(139, 37, 20000, 20000, 0, '2025-06-21', '06:11:47', '2025-06-20 16:11:48', '2025-06-20 16:11:48'),
(140, 37, 20000, 20000, 0, '2025-06-21', '06:13:40', '2025-06-20 16:13:40', '2025-06-20 16:13:40'),
(141, 37, 20000, 20000, 0, '2025-06-21', '06:14:34', '2025-06-20 16:14:34', '2025-06-20 16:14:34'),
(142, 37, 20000, 20000, 0, '2025-06-21', '06:15:10', '2025-06-20 16:15:10', '2025-06-20 16:15:10'),
(143, 37, 20000, 20000, 0, '2025-06-21', '06:20:30', '2025-06-20 16:20:31', '2025-06-20 16:20:31'),
(144, 37, 23000, 25000, 2000, '2025-06-21', '06:20:58', '2025-06-20 16:20:59', '2025-06-20 16:20:59'),
(145, 37, 23000, 25000, 2000, '2025-06-21', '06:21:57', '2025-06-20 16:21:57', '2025-06-20 16:21:57'),
(146, 37, 23000, 25000, 2000, '2025-06-21', '06:22:38', '2025-06-20 16:22:38', '2025-06-20 16:22:38'),
(147, 37, 23000, 25000, 2000, '2025-06-21', '06:40:01', '2025-06-20 16:40:01', '2025-06-20 16:40:01'),
(148, 37, 23000, 25000, 2000, '2025-06-21', '06:42:48', '2025-06-20 16:42:49', '2025-06-20 16:42:49'),
(149, 37, 23000, 25000, 2000, '2025-06-21', '06:48:24', '2025-06-20 16:48:25', '2025-06-20 16:48:25'),
(151, 37, 25000, 25000, 0, '2025-06-21', '06:50:28', '2025-06-20 16:50:29', '2025-06-20 16:50:29'),
(152, 37, 4000, 5000, 1000, '2025-06-21', '06:54:48', '2025-06-20 16:54:48', '2025-06-20 16:54:48'),
(153, 37, 4000, 5000, 1000, '2025-06-21', '06:55:44', '2025-06-20 16:55:45', '2025-06-20 16:55:45'),
(154, 37, 4000, 5000, 1000, '2025-06-21', '07:01:12', '2025-06-20 17:01:13', '2025-06-20 17:01:13'),
(155, 37, 500, 500, 0, '2025-06-21', '13:51:00', '2025-06-20 23:51:02', '2025-06-20 23:51:02'),
(156, 37, 7000, 10000, 3000, '2025-06-21', '14:23:09', '2025-06-21 00:23:10', '2025-06-21 00:23:10'),
(157, 37, 25000, 25000, 0, '2025-06-21', '14:55:58', '2025-06-21 00:55:59', '2025-06-21 00:55:59'),
(159, 37, 14000, 20000, 6000, '2025-06-15', '21:43:00', '2025-06-21 05:07:43', '2025-06-21 05:07:43'),
(160, 37, 14000, 20000, 6000, '2025-06-15', '21:43:00', '2025-06-22 00:10:36', '2025-06-22 00:10:36'),
(161, 37, 8000, 8000, 0, '2025-06-22', '10:42:09', '2025-06-22 03:42:10', '2025-06-22 03:42:10'),
(162, 37, 14000, 20000, 6000, '2025-06-15', '21:43:00', '2025-06-22 23:55:35', '2025-06-22 23:55:35'),
(163, 37, 14000, 20000, 6000, '2025-06-15', '21:43:00', '2025-06-23 00:18:36', '2025-06-23 00:18:36'),
(164, 37, 62154, 65000, 2846, '2025-06-23', '08:27:43', '2025-06-23 01:27:44', '2025-06-23 01:27:44'),
(165, 46, 31500, 50000, 18500, '2025-06-23', '08:47:21', '2025-06-23 01:47:21', '2025-06-23 01:47:21'),
(166, 46, 59154, 60000, 846, '2025-06-23', '08:48:11', '2025-06-23 01:48:12', '2025-06-23 01:48:12'),
(167, 37, 11000, 11000, 0, '2025-06-23', '10:58:47', '2025-06-23 03:58:49', '2025-06-23 03:58:49'),
(168, 37, 66154, 70000, 3846, '2025-06-23', '11:43:46', '2025-06-23 04:43:46', '2025-06-23 04:43:46'),
(169, 37, 9500, 10000, 500, '2025-06-23', '12:24:19', '2025-06-23 05:24:19', '2025-06-23 05:24:19'),
(170, 37, 8000, 8000, 0, '2025-06-23', '12:24:37', '2025-06-23 05:24:38', '2025-06-23 05:24:38'),
(171, 37, 3000, 3000, 0, '2025-06-23', '12:25:25', '2025-06-23 05:25:25', '2025-06-23 05:25:25');

-- --------------------------------------------------------

--
-- Table structure for table `sale_details`
--

CREATE TABLE `sale_details` (
  `id` bigint(20) UNSIGNED NOT NULL,
  `sale_id` bigint(20) UNSIGNED NOT NULL,
  `product_id` bigint(20) UNSIGNED NOT NULL,
  `jumlah` int(11) NOT NULL,
  `harga_jual_trx` int(11) NOT NULL,
  `created_at` timestamp NULL DEFAULT NULL,
  `updated_at` timestamp NULL DEFAULT NULL
) ENGINE=InnoDB DEFAULT CHARSET=utf8mb4 COLLATE=utf8mb4_unicode_ci;

--
-- Dumping data for table `sale_details`
--

INSERT INTO `sale_details` (`id`, `sale_id`, `product_id`, `jumlah`, `harga_jual_trx`, `created_at`, `updated_at`) VALUES
(51, 45, 75, 45, 98400, '2025-05-18 17:30:10', '2025-05-18 17:30:10'),
(52, 45, 75, 31, 99630, '2025-05-18 17:30:10', '2025-05-18 17:30:10'),
(53, 45, 75, 36, 73042, '2025-05-18 17:30:10', '2025-05-18 17:30:10'),
(54, 45, 75, 9, 55183, '2025-05-18 17:30:10', '2025-05-18 17:30:10'),
(55, 45, 75, 49, 71188, '2025-05-18 17:30:10', '2025-05-18 17:30:10'),
(56, 45, 75, 44, 64970, '2025-05-18 17:30:10', '2025-05-18 17:30:10'),
(57, 45, 75, 29, 25208, '2025-05-18 17:30:10', '2025-05-18 17:30:10'),
(58, 45, 75, 6, 50619, '2025-05-18 17:30:10', '2025-05-18 17:30:10'),
(59, 45, 75, 15, 54281, '2025-05-18 17:30:10', '2025-05-18 17:30:10'),
(60, 45, 75, 49, 43157, '2025-05-18 17:30:10', '2025-05-18 17:30:10'),
(61, 45, 75, 32, 31366, '2025-05-18 17:30:10', '2025-05-18 17:30:10'),
(62, 45, 75, 8, 80268, '2025-05-18 17:30:10', '2025-05-18 17:30:10'),
(63, 45, 75, 48, 63728, '2025-05-18 17:30:10', '2025-05-18 17:30:10'),
(64, 45, 75, 2, 35078, '2025-05-18 17:30:10', '2025-05-18 17:30:10'),
(65, 45, 75, 32, 66652, '2025-05-18 17:30:10', '2025-05-18 17:30:10'),
(66, 45, 75, 22, 39870, '2025-05-18 17:30:10', '2025-05-18 17:30:10'),
(67, 45, 75, 50, 41049, '2025-05-18 17:30:10', '2025-05-18 17:30:10'),
(68, 45, 75, 44, 60666, '2025-05-18 17:30:10', '2025-05-18 17:30:10'),
(69, 45, 75, 47, 68177, '2025-05-18 17:30:10', '2025-05-18 17:30:10'),
(70, 45, 75, 5, 45424, '2025-05-18 17:30:10', '2025-05-18 17:30:10'),
(71, 45, 75, 20, 44643, '2025-05-18 17:30:10', '2025-05-18 17:30:10'),
(72, 45, 75, 46, 91248, '2025-05-18 17:30:10', '2025-05-18 17:30:10'),
(73, 45, 75, 29, 16684, '2025-05-18 17:30:10', '2025-05-18 17:30:10'),
(74, 45, 75, 38, 22480, '2025-05-18 17:30:10', '2025-05-18 17:30:10'),
(75, 45, 75, 35, 29056, '2025-05-18 17:30:10', '2025-05-18 17:30:10'),
(76, 77, 87, 2, 5000, '2025-06-14 23:03:26', '2025-06-14 23:03:26'),
(77, 78, 6, 5, 6000, '2025-06-14 23:16:14', '2025-06-14 23:16:14'),
(78, 79, 9, 5, 22000, '2025-06-14 23:20:43', '2025-06-14 23:20:43'),
(79, 82, 23, 1, 9000, '2025-06-19 16:55:44', '2025-06-19 16:55:44'),
(80, 82, 87, 1, 5000, '2025-06-19 16:55:44', '2025-06-19 16:55:44'),
(81, 86, 23, 1, 8000, '2025-06-19 21:38:08', '2025-06-19 21:38:08'),
(82, 86, 90, 1, 3000, '2025-06-19 21:38:08', '2025-06-19 21:38:08'),
(83, 87, 23, 1, 8000, '2025-06-19 21:40:20', '2025-06-19 21:40:20'),
(84, 87, 90, 1, 3000, '2025-06-19 21:40:20', '2025-06-19 21:40:20'),
(85, 88, 23, 1, 8000, '2025-06-19 21:40:40', '2025-06-19 21:40:40'),
(86, 88, 90, 1, 3000, '2025-06-19 21:40:40', '2025-06-19 21:40:40'),
(87, 89, 6, 2, 5000, '2025-06-19 21:43:14', '2025-06-19 21:43:14'),
(88, 89, 15, 2, 2000, '2025-06-19 21:43:14', '2025-06-19 21:43:14'),
(89, 90, 23, 1, 8000, '2025-06-19 21:48:58', '2025-06-19 21:48:58'),
(90, 91, 90, 1, 3000, '2025-06-19 22:27:53', '2025-06-19 22:27:53'),
(91, 92, 69, 1, 20000, '2025-06-19 22:29:08', '2025-06-19 22:29:08'),
(92, 92, 76, 1, 3000, '2025-06-19 22:29:08', '2025-06-19 22:29:08'),
(93, 92, 89, 1, 500, '2025-06-19 22:29:08', '2025-06-19 22:29:08'),
(94, 92, 83, 1, 5000, '2025-06-19 22:29:08', '2025-06-19 22:29:08'),
(95, 92, 93, 1, 2000, '2025-06-19 22:29:08', '2025-06-19 22:29:08'),
(96, 92, 87, 1, 5000, '2025-06-19 22:29:08', '2025-06-19 22:29:08'),
(97, 93, 87, 1, 5000, '2025-06-19 22:37:40', '2025-06-19 22:37:40'),
(98, 93, 89, 1, 500, '2025-06-19 22:37:40', '2025-06-19 22:37:40'),
(99, 94, 69, 2, 20000, '2025-06-19 22:38:21', '2025-06-19 22:38:21'),
(100, 95, 76, 1, 3000, '2025-06-19 22:42:16', '2025-06-19 22:42:16'),
(101, 95, 69, 1, 20000, '2025-06-19 22:42:16', '2025-06-19 22:42:16'),
(102, 95, 89, 2, 500, '2025-06-19 22:42:17', '2025-06-19 22:42:17'),
(103, 96, 76, 1, 3000, '2025-06-19 22:42:49', '2025-06-19 22:42:49'),
(104, 96, 69, 1, 20000, '2025-06-19 22:42:49', '2025-06-19 22:42:49'),
(105, 96, 89, 2, 500, '2025-06-19 22:42:49', '2025-06-19 22:42:49'),
(106, 97, 87, 1, 5000, '2025-06-19 22:47:48', '2025-06-19 22:47:48'),
(107, 97, 20, 1, 42654, '2025-06-19 22:47:48', '2025-06-19 22:47:48'),
(108, 98, 87, 1, 5000, '2025-06-19 22:47:56', '2025-06-19 22:47:56'),
(109, 98, 20, 1, 42654, '2025-06-19 22:47:56', '2025-06-19 22:47:56'),
(110, 99, 87, 1, 5000, '2025-06-19 23:18:57', '2025-06-19 23:18:57'),
(111, 99, 89, 2, 500, '2025-06-19 23:18:57', '2025-06-19 23:18:57'),
(112, 99, 76, 1, 3000, '2025-06-19 23:18:57', '2025-06-19 23:18:57'),
(113, 100, 87, 1, 5000, '2025-06-19 23:19:04', '2025-06-19 23:19:04'),
(114, 100, 89, 2, 500, '2025-06-19 23:19:04', '2025-06-19 23:19:04'),
(115, 100, 76, 1, 3000, '2025-06-19 23:19:04', '2025-06-19 23:19:04'),
(116, 101, 87, 1, 5000, '2025-06-19 23:19:10', '2025-06-19 23:19:10'),
(117, 101, 89, 2, 500, '2025-06-19 23:19:10', '2025-06-19 23:19:10'),
(118, 101, 76, 1, 3000, '2025-06-19 23:19:10', '2025-06-19 23:19:10'),
(119, 102, 87, 1, 5000, '2025-06-19 23:19:34', '2025-06-19 23:19:34'),
(120, 102, 89, 2, 500, '2025-06-19 23:19:34', '2025-06-19 23:19:34'),
(121, 102, 76, 1, 3000, '2025-06-19 23:19:34', '2025-06-19 23:19:34'),
(122, 103, 87, 1, 5000, '2025-06-19 23:19:39', '2025-06-19 23:19:39'),
(123, 103, 89, 2, 500, '2025-06-19 23:19:39', '2025-06-19 23:19:39'),
(124, 103, 76, 1, 3000, '2025-06-19 23:19:39', '2025-06-19 23:19:39'),
(125, 105, 90, 1, 3000, '2025-06-19 23:20:52', '2025-06-19 23:20:52'),
(126, 106, 90, 1, 3000, '2025-06-19 23:21:13', '2025-06-19 23:21:13'),
(127, 107, 6, 2, 5000, '2025-06-19 23:23:26', '2025-06-19 23:23:26'),
(128, 107, 15, 2, 2000, '2025-06-19 23:23:26', '2025-06-19 23:23:26'),
(129, 108, 20, 1, 42654, '2025-06-19 23:29:22', '2025-06-19 23:29:22'),
(130, 109, 20, 1, 42654, '2025-06-19 23:29:48', '2025-06-19 23:29:48'),
(131, 110, 20, 1, 42654, '2025-06-19 23:31:57', '2025-06-19 23:31:57'),
(132, 111, 20, 1, 42654, '2025-06-19 23:35:50', '2025-06-19 23:35:50'),
(133, 112, 20, 1, 42654, '2025-06-19 23:35:55', '2025-06-19 23:35:55'),
(134, 113, 89, 1, 500, '2025-06-19 23:54:39', '2025-06-19 23:54:39'),
(135, 113, 76, 1, 3000, '2025-06-19 23:54:39', '2025-06-19 23:54:39'),
(136, 114, 69, 1, 20000, '2025-06-19 23:58:22', '2025-06-19 23:58:22'),
(137, 115, 90, 1, 3000, '2025-06-20 00:07:34', '2025-06-20 00:07:34'),
(138, 116, 76, 2, 3000, '2025-06-20 00:08:20', '2025-06-20 00:08:20'),
(139, 117, 75, 1, 82606, '2025-06-20 00:11:24', '2025-06-20 00:11:24'),
(140, 117, 7, 1, 8000, '2025-06-20 00:11:24', '2025-06-20 00:11:24'),
(141, 117, 9, 1, 22000, '2025-06-20 00:11:24', '2025-06-20 00:11:24'),
(142, 117, 91, 1, 2000, '2025-06-20 00:11:24', '2025-06-20 00:11:24'),
(143, 117, 81, 1, 3000, '2025-06-20 00:11:24', '2025-06-20 00:11:24'),
(144, 117, 92, 1, 2500, '2025-06-20 00:11:24', '2025-06-20 00:11:24'),
(145, 117, 88, 1, 2000, '2025-06-20 00:11:24', '2025-06-20 00:11:24'),
(146, 117, 95, 2, 500, '2025-06-20 00:11:24', '2025-06-20 00:11:24'),
(147, 117, 57, 1, 9000, '2025-06-20 00:11:24', '2025-06-20 00:11:24'),
(148, 118, 85, 1, 8000, '2025-06-20 00:12:07', '2025-06-20 00:12:07'),
(149, 118, 15, 1, 3000, '2025-06-20 00:12:07', '2025-06-20 00:12:07'),
(150, 118, 94, 1, 5000, '2025-06-20 00:12:08', '2025-06-20 00:12:08'),
(151, 119, 9, 2, 22000, '2025-06-20 00:20:55', '2025-06-20 00:20:55'),
(152, 120, 76, 2, 3000, '2025-06-20 00:26:32', '2025-06-20 00:26:32'),
(153, 121, 88, 3, 2000, '2025-06-20 00:56:21', '2025-06-20 00:56:21'),
(154, 121, 6, 1, 6000, '2025-06-20 00:56:21', '2025-06-20 00:56:21'),
(155, 122, 57, 2, 9000, '2025-06-20 01:04:09', '2025-06-20 01:04:09'),
(156, 123, 57, 2, 9000, '2025-06-20 01:09:08', '2025-06-20 01:09:08'),
(157, 124, 57, 2, 9000, '2025-06-20 01:12:42', '2025-06-20 01:12:42'),
(158, 125, 95, 2, 500, '2025-06-20 01:15:54', '2025-06-20 01:15:54'),
(159, 126, 95, 2, 500, '2025-06-20 01:19:04', '2025-06-20 01:19:04'),
(160, 127, 95, 2, 500, '2025-06-20 01:19:38', '2025-06-20 01:19:38'),
(161, 128, 95, 2, 500, '2025-06-20 01:19:55', '2025-06-20 01:19:55'),
(162, 129, 95, 2, 500, '2025-06-20 01:20:08', '2025-06-20 01:20:08'),
(163, 130, 95, 2, 500, '2025-06-20 01:20:28', '2025-06-20 01:20:28'),
(164, 131, 6, 1, 6000, '2025-06-20 01:21:08', '2025-06-20 01:21:08'),
(165, 131, 92, 1, 2500, '2025-06-20 01:21:08', '2025-06-20 01:21:08'),
(166, 131, 81, 1, 3000, '2025-06-20 01:21:08', '2025-06-20 01:21:08'),
(167, 131, 91, 1, 2000, '2025-06-20 01:21:08', '2025-06-20 01:21:08'),
(168, 132, 6, 1, 6000, '2025-06-20 01:22:44', '2025-06-20 01:22:44'),
(169, 132, 92, 1, 2500, '2025-06-20 01:22:44', '2025-06-20 01:22:44'),
(170, 132, 81, 1, 3000, '2025-06-20 01:22:44', '2025-06-20 01:22:44'),
(171, 132, 91, 1, 2000, '2025-06-20 01:22:44', '2025-06-20 01:22:44'),
(172, 133, 6, 1, 6000, '2025-06-20 01:28:01', '2025-06-20 01:28:01'),
(173, 133, 92, 1, 2500, '2025-06-20 01:28:01', '2025-06-20 01:28:01'),
(174, 133, 81, 1, 3000, '2025-06-20 01:28:01', '2025-06-20 01:28:01'),
(175, 133, 91, 1, 2000, '2025-06-20 01:28:01', '2025-06-20 01:28:01'),
(176, 134, 6, 1, 6000, '2025-06-20 01:30:42', '2025-06-20 01:30:42'),
(177, 134, 92, 1, 2500, '2025-06-20 01:30:42', '2025-06-20 01:30:42'),
(178, 134, 81, 1, 3000, '2025-06-20 01:30:42', '2025-06-20 01:30:42'),
(179, 134, 91, 1, 2000, '2025-06-20 01:30:42', '2025-06-20 01:30:42'),
(180, 135, 86, 1, 3000, '2025-06-20 01:33:30', '2025-06-20 01:33:30'),
(181, 135, 94, 1, 5000, '2025-06-20 01:33:30', '2025-06-20 01:33:30'),
(182, 135, 15, 1, 3000, '2025-06-20 01:33:30', '2025-06-20 01:33:30'),
(183, 135, 85, 1, 8000, '2025-06-20 01:33:30', '2025-06-20 01:33:30'),
(184, 136, 76, 1, 3000, '2025-06-20 01:41:31', '2025-06-20 01:41:31'),
(185, 136, 69, 2, 20000, '2025-06-20 01:41:31', '2025-06-20 01:41:31'),
(186, 137, 80, 2, 3000, '2025-06-20 03:42:53', '2025-06-20 03:42:53'),
(187, 137, 93, 2, 2000, '2025-06-20 03:42:53', '2025-06-20 03:42:53'),
(188, 138, 69, 1, 20000, '2025-06-20 16:11:32', '2025-06-20 16:11:32'),
(189, 139, 69, 1, 20000, '2025-06-20 16:11:48', '2025-06-20 16:11:48'),
(190, 140, 69, 1, 20000, '2025-06-20 16:13:40', '2025-06-20 16:13:40'),
(191, 141, 69, 1, 20000, '2025-06-20 16:14:34', '2025-06-20 16:14:34'),
(192, 142, 69, 1, 20000, '2025-06-20 16:15:10', '2025-06-20 16:15:10'),
(193, 143, 69, 1, 20000, '2025-06-20 16:20:31', '2025-06-20 16:20:31'),
(194, 144, 76, 1, 3000, '2025-06-20 16:20:59', '2025-06-20 16:20:59'),
(195, 144, 69, 1, 20000, '2025-06-20 16:20:59', '2025-06-20 16:20:59'),
(196, 145, 76, 1, 3000, '2025-06-20 16:21:57', '2025-06-20 16:21:57'),
(197, 145, 69, 1, 20000, '2025-06-20 16:21:57', '2025-06-20 16:21:57'),
(198, 146, 76, 1, 3000, '2025-06-20 16:22:38', '2025-06-20 16:22:38'),
(199, 146, 69, 1, 20000, '2025-06-20 16:22:38', '2025-06-20 16:22:38'),
(200, 147, 76, 1, 3000, '2025-06-20 16:40:01', '2025-06-20 16:40:01'),
(201, 147, 69, 1, 20000, '2025-06-20 16:40:01', '2025-06-20 16:40:01'),
(202, 148, 76, 1, 3000, '2025-06-20 16:42:49', '2025-06-20 16:42:49'),
(203, 148, 69, 1, 20000, '2025-06-20 16:42:49', '2025-06-20 16:42:49'),
(204, 149, 76, 1, 3000, '2025-06-20 16:48:25', '2025-06-20 16:48:25'),
(205, 149, 69, 1, 20000, '2025-06-20 16:48:25', '2025-06-20 16:48:25'),
(206, 151, 69, 1, 20000, '2025-06-20 16:50:29', '2025-06-20 16:50:29'),
(207, 151, 83, 1, 5000, '2025-06-20 16:50:29', '2025-06-20 16:50:29'),
(208, 152, 93, 2, 2000, '2025-06-20 16:54:48', '2025-06-20 16:54:48'),
(209, 153, 93, 2, 2000, '2025-06-20 16:55:45', '2025-06-20 16:55:45'),
(210, 154, 93, 2, 2000, '2025-06-20 17:01:13', '2025-06-20 17:01:13'),
(211, 155, 89, 1, 500, '2025-06-20 23:51:02', '2025-06-20 23:51:02'),
(212, 156, 93, 1, 2000, '2025-06-21 00:23:10', '2025-06-21 00:23:10'),
(213, 156, 83, 1, 5000, '2025-06-21 00:23:10', '2025-06-21 00:23:10'),
(214, 157, 69, 1, 20000, '2025-06-21 00:55:59', '2025-06-21 00:55:59'),
(215, 157, 83, 1, 5000, '2025-06-21 00:55:59', '2025-06-21 00:55:59'),
(216, 159, 80, 2, 3000, '2025-06-21 05:07:43', '2025-06-21 05:07:43'),
(217, 159, 15, 2, 2000, '2025-06-21 05:07:43', '2025-06-21 05:07:43'),
(218, 160, 80, 2, 3000, '2025-06-22 00:10:36', '2025-06-22 00:10:36'),
(219, 160, 15, 2, 2000, '2025-06-22 00:10:36', '2025-06-22 00:10:36'),
(220, 161, 23, 1, 8000, '2025-06-22 03:42:10', '2025-06-22 03:42:10'),
(221, 162, 80, 2, 3000, '2025-06-22 23:55:35', '2025-06-22 23:55:35'),
(222, 162, 15, 2, 2000, '2025-06-22 23:55:35', '2025-06-22 23:55:35'),
(223, 163, 80, 2, 3000, '2025-06-23 00:18:36', '2025-06-23 00:18:36'),
(224, 163, 15, 2, 2000, '2025-06-23 00:18:36', '2025-06-23 00:18:36'),
(225, 164, 23, 1, 8000, '2025-06-23 01:27:44', '2025-06-23 01:27:44'),
(226, 164, 90, 1, 3000, '2025-06-23 01:27:44', '2025-06-23 01:27:44'),
(227, 164, 20, 1, 42654, '2025-06-23 01:27:44', '2025-06-23 01:27:44'),
(228, 164, 87, 1, 5000, '2025-06-23 01:27:44', '2025-06-23 01:27:44'),
(229, 164, 89, 1, 500, '2025-06-23 01:27:44', '2025-06-23 01:27:44'),
(230, 164, 76, 1, 3000, '2025-06-23 01:27:44', '2025-06-23 01:27:44'),
(231, 165, 9, 1, 22000, '2025-06-23 01:47:21', '2025-06-23 01:47:21'),
(232, 165, 95, 1, 500, '2025-06-23 01:47:21', '2025-06-23 01:47:21'),
(233, 165, 57, 1, 9000, '2025-06-23 01:47:21', '2025-06-23 01:47:21'),
(234, 166, 23, 1, 8000, '2025-06-23 01:48:12', '2025-06-23 01:48:12'),
(235, 166, 90, 1, 3000, '2025-06-23 01:48:12', '2025-06-23 01:48:12'),
(236, 166, 20, 1, 42654, '2025-06-23 01:48:12', '2025-06-23 01:48:12'),
(237, 166, 87, 1, 5000, '2025-06-23 01:48:12', '2025-06-23 01:48:12'),
(238, 166, 89, 1, 500, '2025-06-23 01:48:12', '2025-06-23 01:48:12'),
(239, 167, 23, 1, 8000, '2025-06-23 03:58:49', '2025-06-23 03:58:49'),
(240, 167, 90, 1, 3000, '2025-06-23 03:58:49', '2025-06-23 03:58:49'),
(241, 168, 23, 1, 8000, '2025-06-23 04:43:46', '2025-06-23 04:43:46'),
(242, 168, 90, 1, 3000, '2025-06-23 04:43:46', '2025-06-23 04:43:46'),
(243, 168, 20, 1, 42654, '2025-06-23 04:43:46', '2025-06-23 04:43:46'),
(244, 168, 87, 1, 5000, '2025-06-23 04:43:46', '2025-06-23 04:43:46'),
(245, 168, 89, 1, 500, '2025-06-23 04:43:46', '2025-06-23 04:43:46'),
(246, 168, 93, 1, 2000, '2025-06-23 04:43:46', '2025-06-23 04:43:46'),
(247, 168, 83, 1, 5000, '2025-06-23 04:43:46', '2025-06-23 04:43:46'),
(248, 169, 95, 1, 500, '2025-06-23 05:24:19', '2025-06-23 05:24:19'),
(249, 169, 57, 1, 9000, '2025-06-23 05:24:19', '2025-06-23 05:24:19'),
(250, 170, 85, 1, 8000, '2025-06-23 05:24:38', '2025-06-23 05:24:38'),
(251, 171, 15, 1, 3000, '2025-06-23 05:25:25', '2025-06-23 05:25:25');

-- --------------------------------------------------------

--
-- Table structure for table `sessions`
--

CREATE TABLE `sessions` (
  `id` varchar(255) NOT NULL,
  `user_id` bigint(20) UNSIGNED DEFAULT NULL,
  `ip_address` varchar(45) DEFAULT NULL,
  `user_agent` text DEFAULT NULL,
  `payload` longtext NOT NULL,
  `last_activity` int(11) NOT NULL
) ENGINE=InnoDB DEFAULT CHARSET=utf8mb4 COLLATE=utf8mb4_unicode_ci;

--
-- Dumping data for table `sessions`
--

INSERT INTO `sessions` (`id`, `user_id`, `ip_address`, `user_agent`, `payload`, `last_activity`) VALUES
('79OGKB9WBxmj6pRxdJzDNodirX0ZvcoCZTOCQeIf', NULL, '192.168.1.70', 'Mozilla/5.0 (Windows NT 10.0; Win64; x64) AppleWebKit/537.36 (KHTML, like Gecko) Chrome/136.0.0.0 Safari/537.36', 'YTozOntzOjY6Il90b2tlbiI7czo0MDoiV1NKU0hEMllGMm5JMlhyMVdmcmpCc2NzN05oMXVyRUdLSkpvZmhPbCI7czo5OiJfcHJldmlvdXMiO2E6MTp7czozOiJ1cmwiO3M6MjQ6Imh0dHA6Ly8xOTIuMTY4LjEuNjY6ODAwMCI7fXM6NjoiX2ZsYXNoIjthOjI6e3M6Mzoib2xkIjthOjA6e31zOjM6Im5ldyI7YTowOnt9fX0=', 1747380278),
('AtRFovsCjz5em0gRzGmFfmJ8BuG5idGRcobaH7kh', NULL, '192.168.1.8', 'Mozilla/5.0 (Windows NT 10.0; Win64; x64) AppleWebKit/537.36 (KHTML, like Gecko) Chrome/137.0.0.0 Safari/537.36 Edg/137.0.0.0', 'YTozOntzOjY6Il90b2tlbiI7czo0MDoiN010ZE1kR01Yem16ckNza0ZBYXdqSERLVDl3WW4ybUJ3Q3k2UHB5WSI7czo5OiJfcHJldmlvdXMiO2E6MTp7czozOiJ1cmwiO3M6MjM6Imh0dHA6Ly8xOTIuMTY4LjEuODo4MDAwIjt9czo2OiJfZmxhc2giO2E6Mjp7czozOiJvbGQiO2E6MDp7fXM6MzoibmV3IjthOjA6e319fQ==', 1749511482),
('E8ePKNNOXjRb8cge3ik6rLRwRrKDDJAbteHyZcLd', NULL, '192.168.1.68', 'Mozilla/5.0 (Windows NT 10.0; Win64; x64) AppleWebKit/537.36 (KHTML, like Gecko) Chrome/136.0.0.0 Safari/537.36 Edg/136.0.0.0', 'YTozOntzOjY6Il90b2tlbiI7czo0MDoiZUc3MFlnTHZGOXFBRE1DTFo5RzdSc2oySEpBR2I1RUk4OHdTd3lhMyI7czo5OiJfcHJldmlvdXMiO2E6MTp7czozOiJ1cmwiO3M6MjQ6Imh0dHA6Ly8xOTIuMTY4LjEuNjY6ODAwMCI7fXM6NjoiX2ZsYXNoIjthOjI6e3M6Mzoib2xkIjthOjA6e31zOjM6Im5ldyI7YTowOnt9fX0=', 1747361207),
('Eviqk5bqOIlFTp60OBkZFM3TosxM6JZkZNH447fL', NULL, '192.168.1.7', 'Mozilla/5.0 (Windows NT 10.0; Win64; x64) AppleWebKit/537.36 (KHTML, like Gecko) Chrome/136.0.0.0 Safari/537.36 Edg/136.0.0.0', 'YTozOntzOjY6Il90b2tlbiI7czo0MDoibWtGbGk1aE1qWFBHcFpEbHM2eFQxMko2a0RoNzNwclhiSFc0N0NWbCI7czo5OiJfcHJldmlvdXMiO2E6MTp7czozOiJ1cmwiO3M6MjM6Imh0dHA6Ly8xOTIuMTY4LjEuNzo4MDAwIjt9czo2OiJfZmxhc2giO2E6Mjp7czozOiJvbGQiO2E6MDp7fXM6MzoibmV3IjthOjA6e319fQ==', 1747616781),
('hC1i3Fq4FzP8KM69pYDFVBOJP0kL3eHcAq4LLrC2', NULL, '192.168.1.36', 'Mozilla/5.0 (Linux; Android 10; K) AppleWebKit/537.36 (KHTML, like Gecko) Chrome/136.0.0.0 Mobile Safari/537.36', 'YTozOntzOjY6Il90b2tlbiI7czo0MDoiR3hKVU9sbGJOSVlIenFMZE5zTTluSDR4ejVTZzR6cnRWMThYMDFaQyI7czo5OiJfcHJldmlvdXMiO2E6MTp7czozOiJ1cmwiO3M6MjQ6Imh0dHA6Ly8xOTIuMTY4LjEuNjY6ODAwMCI7fXM6NjoiX2ZsYXNoIjthOjI6e3M6Mzoib2xkIjthOjA6e31zOjM6Im5ldyI7YTowOnt9fX0=', 1747361381),
('HwXVZXDqQ2VzC8uqaIAkGXZGJphnOGl035f0qS10', NULL, '192.168.1.66', 'Mozilla/5.0 (Windows NT 10.0; Win64; x64) AppleWebKit/537.36 (KHTML, like Gecko) Chrome/136.0.0.0 Safari/537.36 Edg/136.0.0.0', 'YTozOntzOjY6Il90b2tlbiI7czo0MDoiTHRDQ2NpcUxEa1M5OU92MDM4clpHWGVqeE1DUGRpREl4eWNKcTRDSCI7czo5OiJfcHJldmlvdXMiO2E6MTp7czozOiJ1cmwiO3M6MjQ6Imh0dHA6Ly8xOTIuMTY4LjEuNjY6ODAwMCI7fXM6NjoiX2ZsYXNoIjthOjI6e3M6Mzoib2xkIjthOjA6e31zOjM6Im5ldyI7YTowOnt9fX0=', 1747361198),
('kcgKcgeAEU5PYZXnrXYUt7NRMOx7XunV3Gqdt1NK', NULL, '127.0.0.1', 'Mozilla/5.0 (Windows NT 10.0; Win64; x64) AppleWebKit/537.36 (KHTML, like Gecko) Chrome/136.0.0.0 Safari/537.36 Edg/136.0.0.0', 'YTozOntzOjY6Il90b2tlbiI7czo0MDoiZUJCN2x4S3RlRjRGbG9jcThOOEtFZXZQMjIwaE9KMFZqMHR5R3JQSiI7czo5OiJfcHJldmlvdXMiO2E6MTp7czozOiJ1cmwiO3M6MjE6Imh0dHA6Ly8xMjcuMC4wLjE6ODAwMCI7fXM6NjoiX2ZsYXNoIjthOjI6e3M6Mzoib2xkIjthOjA6e31zOjM6Im5ldyI7YTowOnt9fX0=', 1747613409);

-- --------------------------------------------------------

--
-- Table structure for table `suppliers`
--

CREATE TABLE `suppliers` (
  `id` bigint(20) UNSIGNED NOT NULL,
  `nama` varchar(255) NOT NULL,
  `toko` varchar(255) NOT NULL,
  `alamat` varchar(255) NOT NULL,
  `no_telp` varchar(255) NOT NULL,
  `created_at` timestamp NULL DEFAULT NULL,
  `updated_at` timestamp NULL DEFAULT NULL
) ENGINE=InnoDB DEFAULT CHARSET=utf8mb4 COLLATE=utf8mb4_unicode_ci;

--
-- Dumping data for table `suppliers`
--

INSERT INTO `suppliers` (`id`, `nama`, `toko`, `alamat`, `no_telp`, `created_at`, `updated_at`) VALUES
(19, 'Cinta Revalinsya', 'Rejeki', 'jl.sandiaga no 12', '087653217265', '2025-05-15 17:24:18', '2025-06-19 02:02:27'),
(22, 'Mesca Xienne', 'Quazga', 'Jl. Suqwa No.18', '087653217264', '2025-05-15 17:24:18', '2025-06-19 04:36:15'),
(151, 'Noorma Yunita', 'Gucahya', 'Jl. Permata Indah No. 12', '08123456765', '2025-06-08 23:40:48', '2025-06-08 23:40:48'),
(152, 'Oky', 'Flowers', 'Jl. Gundy.27', '09876544567', '2025-06-12 17:44:11', '2025-06-19 05:08:48'),
(153, 'Octavia Dede R. P.', 'Donat\'Qu', 'Jl. Mandilaras no 10', '087653213210', '2025-06-18 19:51:07', '2025-06-18 19:51:07'),
(155, 'Serana', 'Merzayana', 'jl. giavnd 12', '088272698726', '2025-06-19 01:29:50', '2025-06-19 05:06:15'),
(156, 'Alvin Dwi Jayadi', 'CV Jayadi', 'jl.merpati no 18', '087654572232', '2025-06-19 04:25:53', '2025-06-19 04:25:53'),
(157, 'Noorma', 'CV Aryakasa', 'Jl. Semanggi, No. 12', '087565678398', '2025-06-19 04:47:17', '2025-06-19 04:47:17'),
(158, 'Nita', 'KersaYaksa', 'Jl. Mendung 122', '09876547890', '2025-06-19 05:05:38', '2025-06-19 05:05:38'),
(159, 'Melindaa', 'ABC', 'Jl. Trunojoyo No. 17', '0876354223421', '2025-06-19 19:08:21', '2025-06-19 19:08:21'),
(160, 'Muhammad', 'Basmalah', 'Jl. Mesigit No. 14', '0987654345672', '2025-06-19 19:09:42', '2025-06-19 19:09:42');

-- --------------------------------------------------------

--
-- Table structure for table `temp_purchases`
--

CREATE TABLE `temp_purchases` (
  `id` bigint(20) UNSIGNED NOT NULL,
  `nama` varchar(255) NOT NULL,
  `jumlah` int(11) NOT NULL,
  `harga` int(11) NOT NULL,
  `total` int(11) NOT NULL,
  `created_at` timestamp NULL DEFAULT NULL,
  `updated_at` timestamp NULL DEFAULT NULL
) ENGINE=InnoDB DEFAULT CHARSET=utf8mb4 COLLATE=utf8mb4_unicode_ci;

--
-- Dumping data for table `temp_purchases`
--

INSERT INTO `temp_purchases` (`id`, `nama`, `jumlah`, `harga`, `total`, `created_at`, `updated_at`) VALUES
(1, 'Mariah Gleichner', 7, 7569, 97146, '2025-05-15 17:24:18', '2025-05-15 17:24:18'),
(2, 'Giovani Klein', 7, 2254, 50210, '2025-05-15 17:24:18', '2025-05-15 17:24:18'),
(3, 'Wilfred Nitzsche', 1, 9003, 76012, '2025-05-15 17:24:18', '2025-05-15 17:24:18'),
(4, 'Rex Gottlieb', 1, 1801, 73005, '2025-05-15 17:24:18', '2025-05-15 17:24:18'),
(5, 'Nico Wolff', 6, 1094, 78019, '2025-05-15 17:24:18', '2025-05-15 17:24:18'),
(6, 'Dr. Norberto Gutkowski', 5, 9305, 57730, '2025-05-15 17:24:18', '2025-05-15 17:24:18'),
(7, 'Mr. Mike Toy', 5, 5454, 15319, '2025-05-15 17:24:18', '2025-05-15 17:24:18'),
(8, 'Linwood Abshire', 6, 1954, 20833, '2025-05-15 17:24:18', '2025-05-15 17:24:18'),
(9, 'Hipolito Hammes II', 2, 1508, 71629, '2025-05-15 17:24:18', '2025-05-15 17:24:18'),
(10, 'Prof. Cary Robel', 1, 4464, 38143, '2025-05-15 17:24:18', '2025-05-15 17:24:18'),
(11, 'Percy Pouros', 9, 4557, 59218, '2025-05-15 17:24:18', '2025-05-15 17:24:18'),
(12, 'Mr. Melvin Collier DVM', 3, 5213, 15632, '2025-05-15 17:24:18', '2025-05-15 17:24:18'),
(13, 'Kenyon Herman', 1, 3092, 12785, '2025-05-15 17:24:18', '2025-05-15 17:24:18'),
(14, 'Annalise Hayes', 5, 9357, 11126, '2025-05-15 17:24:18', '2025-05-15 17:24:18'),
(15, 'Ezekiel Gislason', 6, 3459, 83683, '2025-05-15 17:24:18', '2025-05-15 17:24:18'),
(16, 'Darrin Robel', 7, 9181, 94628, '2025-05-15 17:24:18', '2025-05-15 17:24:18'),
(17, 'Chance Funk', 9, 5062, 86264, '2025-05-15 17:24:18', '2025-05-15 17:24:18'),
(18, 'Mr. Stanford Considine V', 8, 9865, 96144, '2025-05-15 17:24:18', '2025-05-15 17:24:18'),
(19, 'Domenick Koelpin I', 8, 9673, 70087, '2025-05-15 17:24:18', '2025-05-15 17:24:18'),
(20, 'Lamont Dooley', 6, 3862, 31538, '2025-05-15 17:24:18', '2025-05-15 17:24:18'),
(21, 'Juvenal Zieme', 3, 7534, 70917, '2025-05-15 17:24:18', '2025-05-15 17:24:18'),
(22, 'Deonte Bogan', 3, 1465, 70170, '2025-05-15 17:24:18', '2025-05-15 17:24:18'),
(23, 'Jaclyn Beahan', 5, 2904, 35241, '2025-05-15 17:24:18', '2025-05-15 17:24:18'),
(24, 'Madge Bernier', 7, 6436, 59197, '2025-05-15 17:24:18', '2025-05-15 17:24:18'),
(25, 'Hal Hand', 5, 8221, 27999, '2025-05-15 17:24:18', '2025-05-15 17:24:18'),
(26, 'Carlos Bartell I', 2, 8748, 40104, '2025-05-18 17:09:44', '2025-05-18 17:09:44'),
(27, 'Tyrel Hayes', 1, 3117, 75997, '2025-05-18 17:09:44', '2025-05-18 17:09:44'),
(28, 'Lolita Muller', 2, 3200, 77318, '2025-05-18 17:09:44', '2025-05-18 17:09:44'),
(29, 'Dr. Reymundo Daugherty Sr.', 9, 8551, 99439, '2025-05-18 17:09:44', '2025-05-18 17:09:44'),
(30, 'Everette Kuphal', 5, 9536, 51359, '2025-05-18 17:09:44', '2025-05-18 17:09:44'),
(31, 'Prof. Alexie Turner I', 3, 2601, 95061, '2025-05-18 17:09:44', '2025-05-18 17:09:44'),
(32, 'Mr. Floyd Nicolas Jr.', 4, 9674, 65046, '2025-05-18 17:09:44', '2025-05-18 17:09:44'),
(33, 'Bria Mann', 1, 1195, 29607, '2025-05-18 17:09:44', '2025-05-18 17:09:44'),
(34, 'Gerry Wuckert', 1, 2550, 18874, '2025-05-18 17:09:44', '2025-05-18 17:09:44'),
(35, 'Vivianne Bruen DVM', 9, 6653, 73121, '2025-05-18 17:09:44', '2025-05-18 17:09:44'),
(36, 'Adrien Parisian', 4, 2479, 71085, '2025-05-18 17:09:44', '2025-05-18 17:09:44'),
(37, 'Jazmin Luettgen', 3, 1267, 78656, '2025-05-18 17:09:44', '2025-05-18 17:09:44'),
(38, 'Fabiola Huels', 4, 6617, 92907, '2025-05-18 17:09:44', '2025-05-18 17:09:44'),
(39, 'Prof. Ethyl Heidenreich', 9, 5727, 79356, '2025-05-18 17:09:44', '2025-05-18 17:09:44'),
(40, 'Roman Oberbrunner', 7, 6020, 40944, '2025-05-18 17:09:44', '2025-05-18 17:09:44'),
(41, 'Dr. Mathew Graham IV', 9, 7813, 93340, '2025-05-18 17:09:44', '2025-05-18 17:09:44'),
(42, 'Eloy Towne', 9, 1691, 83546, '2025-05-18 17:09:44', '2025-05-18 17:09:44'),
(43, 'Dr. Westley Macejkovic', 1, 1412, 37216, '2025-05-18 17:09:44', '2025-05-18 17:09:44'),
(44, 'Miss Rosella Schaden', 1, 8670, 68437, '2025-05-18 17:09:44', '2025-05-18 17:09:44'),
(45, 'Oleta Wilderman', 7, 7305, 10306, '2025-05-18 17:09:44', '2025-05-18 17:09:44'),
(46, 'Elmore Hettinger MD', 9, 2052, 51555, '2025-05-18 17:09:44', '2025-05-18 17:09:44'),
(47, 'Cortney Hegmann DDS', 7, 8928, 86548, '2025-05-18 17:09:44', '2025-05-18 17:09:44'),
(48, 'Deborah Boehm III', 7, 8282, 44568, '2025-05-18 17:09:44', '2025-05-18 17:09:44'),
(49, 'Xander Schneider III', 8, 8116, 86641, '2025-05-18 17:09:44', '2025-05-18 17:09:44'),
(50, 'Kaitlyn Gottlieb', 7, 1256, 66588, '2025-05-18 17:09:44', '2025-05-18 17:09:44'),
(51, 'Delaney Muller', 4, 4331, 90533, '2025-05-18 17:30:10', '2025-05-18 17:30:10'),
(52, 'Destini Botsford', 8, 5863, 57362, '2025-05-18 17:30:10', '2025-05-18 17:30:10'),
(53, 'Mose Rempel', 7, 7050, 89963, '2025-05-18 17:30:10', '2025-05-18 17:30:10'),
(54, 'Meta Wiegand', 8, 2986, 24753, '2025-05-18 17:30:10', '2025-05-18 17:30:10'),
(55, 'Mr. Adam Sawayn DVM', 9, 9087, 23985, '2025-05-18 17:30:10', '2025-05-18 17:30:10'),
(56, 'Dr. Yolanda Grady', 4, 9739, 22143, '2025-05-18 17:30:10', '2025-05-18 17:30:10'),
(57, 'Miss Germaine Schiller', 5, 6155, 43924, '2025-05-18 17:30:10', '2025-05-18 17:30:10'),
(58, 'Santino Reichel', 8, 9976, 37783, '2025-05-18 17:30:10', '2025-05-18 17:30:10'),
(59, 'Merle Emard', 4, 3616, 57546, '2025-05-18 17:30:10', '2025-05-18 17:30:10'),
(60, 'Miss Danielle Davis DDS', 6, 1457, 96193, '2025-05-18 17:30:10', '2025-05-18 17:30:10'),
(61, 'Dr. Blanca Langworth', 1, 8948, 86748, '2025-05-18 17:30:10', '2025-05-18 17:30:10'),
(62, 'Mrs. Matilda Rutherford DDS', 7, 6234, 77728, '2025-05-18 17:30:10', '2025-05-18 17:30:10'),
(63, 'Leila Bosco', 4, 8637, 13269, '2025-05-18 17:30:10', '2025-05-18 17:30:10'),
(64, 'Prof. Herbert Kuphal MD', 7, 3287, 60692, '2025-05-18 17:30:10', '2025-05-18 17:30:10'),
(65, 'Marcella Rowe', 6, 2537, 93841, '2025-05-18 17:30:10', '2025-05-18 17:30:10'),
(66, 'Maximillian Zboncak', 2, 4081, 36689, '2025-05-18 17:30:10', '2025-05-18 17:30:10'),
(67, 'Claud Dickinson', 7, 3132, 60224, '2025-05-18 17:30:10', '2025-05-18 17:30:10'),
(68, 'Dr. Darius Halvorson I', 2, 8183, 27118, '2025-05-18 17:30:10', '2025-05-18 17:30:10'),
(69, 'Katelyn Leffler', 1, 4576, 60200, '2025-05-18 17:30:10', '2025-05-18 17:30:10'),
(70, 'Travon Ryan', 5, 2306, 10768, '2025-05-18 17:30:10', '2025-05-18 17:30:10'),
(71, 'Shania Littel', 8, 9763, 53150, '2025-05-18 17:30:10', '2025-05-18 17:30:10'),
(72, 'Hayden Mosciski', 1, 9284, 42900, '2025-05-18 17:30:10', '2025-05-18 17:30:10'),
(73, 'Dr. Claude Reinger', 5, 9948, 38339, '2025-05-18 17:30:10', '2025-05-18 17:30:10'),
(74, 'Prof. Emerald Ratke DDS', 4, 3373, 89552, '2025-05-18 17:30:10', '2025-05-18 17:30:10'),
(75, 'Mr. Ellis Schumm', 5, 7033, 49276, '2025-05-18 17:30:10', '2025-05-18 17:30:10');

-- --------------------------------------------------------

--
-- Table structure for table `temp_sales`
--

CREATE TABLE `temp_sales` (
  `id` bigint(20) UNSIGNED NOT NULL,
  `user_id` bigint(20) UNSIGNED DEFAULT NULL,
  `product_id` bigint(20) UNSIGNED DEFAULT NULL,
  `nama` varchar(255) NOT NULL,
  `jumlah` int(11) NOT NULL,
  `harga` int(11) NOT NULL,
  `total` int(11) NOT NULL,
  `created_at` timestamp NULL DEFAULT NULL,
  `updated_at` timestamp NULL DEFAULT NULL
) ENGINE=InnoDB DEFAULT CHARSET=utf8mb4 COLLATE=utf8mb4_unicode_ci;

--
-- Dumping data for table `temp_sales`
--

INSERT INTO `temp_sales` (`id`, `user_id`, `product_id`, `nama`, `jumlah`, `harga`, `total`, `created_at`, `updated_at`) VALUES
(3, NULL, NULL, 'Concepcion Gleason DVM', 4, 3948, 66310, '2025-05-15 17:24:18', '2025-05-15 17:24:18'),
(4, NULL, NULL, 'Libby Bartoletti', 8, 9781, 20444, '2025-05-15 17:24:18', '2025-05-15 17:24:18'),
(5, NULL, NULL, 'Guillermo Swift', 5, 1764, 34542, '2025-05-15 17:24:18', '2025-05-15 17:24:18'),
(6, NULL, NULL, 'Krystina Champlin', 4, 7385, 57431, '2025-05-15 17:24:18', '2025-05-15 17:24:18'),
(7, NULL, NULL, 'Elenor Legros V', 2, 9930, 50159, '2025-05-15 17:24:18', '2025-05-15 17:24:18'),
(8, NULL, NULL, 'Aileen Bruen', 5, 4954, 63777, '2025-05-15 17:24:18', '2025-05-15 17:24:18'),
(9, NULL, NULL, 'Archibald Kerluke DDS', 6, 1308, 56924, '2025-05-15 17:24:18', '2025-05-15 17:24:18'),
(10, NULL, NULL, 'Mr. Jessy Howe DDS', 2, 4464, 99923, '2025-05-15 17:24:18', '2025-05-15 17:24:18'),
(11, NULL, NULL, 'Enola Goldner DVM', 4, 5490, 76148, '2025-05-15 17:24:18', '2025-05-15 17:24:18'),
(12, NULL, NULL, 'Miss Mathilde Murazik', 2, 3246, 63851, '2025-05-15 17:24:18', '2025-05-15 17:24:18'),
(13, NULL, NULL, 'Mr. Akeem Beier', 6, 4628, 52539, '2025-05-15 17:24:18', '2025-05-15 17:24:18'),
(14, NULL, NULL, 'Ariane Welch', 4, 6595, 93293, '2025-05-15 17:24:18', '2025-05-15 17:24:18'),
(15, NULL, NULL, 'Clare Collins', 9, 5132, 13541, '2025-05-15 17:24:18', '2025-05-15 17:24:18'),
(16, NULL, NULL, 'Darryl Brekke', 1, 1751, 12538, '2025-05-15 17:24:18', '2025-05-15 17:24:18'),
(17, NULL, NULL, 'Shanel Gutkowski II', 9, 9054, 83546, '2025-05-15 17:24:18', '2025-05-15 17:24:18'),
(18, NULL, NULL, 'Aylin Halvorson', 9, 5130, 92229, '2025-05-15 17:24:18', '2025-05-15 17:24:18'),
(19, NULL, NULL, 'Giuseppe Hansen', 4, 6434, 21170, '2025-05-15 17:24:18', '2025-05-15 17:24:18'),
(20, NULL, NULL, 'Bobbie O\'Connell', 7, 1544, 56054, '2025-05-15 17:24:18', '2025-05-15 17:24:18'),
(21, NULL, NULL, 'Ms. Abigayle Jast III', 5, 7583, 79363, '2025-05-15 17:24:18', '2025-05-15 17:24:18'),
(22, NULL, NULL, 'Reba Hettinger', 8, 2036, 52258, '2025-05-15 17:24:18', '2025-05-15 17:24:18'),
(23, NULL, NULL, 'Jailyn Shanahan', 8, 3666, 38053, '2025-05-15 17:24:18', '2025-05-15 17:24:18'),
(24, NULL, NULL, 'Aaron Kunde', 1, 9787, 71117, '2025-05-15 17:24:18', '2025-05-15 17:24:18'),
(25, NULL, NULL, 'Mr. Saul Baumbach', 7, 8359, 13088, '2025-05-15 17:24:18', '2025-05-15 17:24:18'),
(26, NULL, NULL, 'Estefania Reynolds', 2, 8231, 78090, '2025-05-18 17:09:44', '2025-05-18 17:09:44'),
(27, NULL, NULL, 'Mr. Gunnar Schroeder DVM', 3, 7778, 61475, '2025-05-18 17:09:44', '2025-05-18 17:09:44'),
(28, NULL, NULL, 'Prof. Isidro Dicki', 8, 7763, 65956, '2025-05-18 17:09:44', '2025-05-18 17:09:44'),
(29, NULL, NULL, 'Roselyn Kling', 7, 8415, 97011, '2025-05-18 17:09:44', '2025-05-18 17:09:44'),
(30, NULL, NULL, 'Patience Stokes V', 2, 5429, 19074, '2025-05-18 17:09:44', '2025-05-18 17:09:44'),
(31, NULL, NULL, 'Dr. Jettie Simonis', 4, 3317, 84063, '2025-05-18 17:09:44', '2025-05-18 17:09:44'),
(32, NULL, NULL, 'Kirsten Lockman', 1, 2250, 22979, '2025-05-18 17:09:44', '2025-05-18 17:09:44'),
(33, NULL, NULL, 'Lessie Bashirian', 9, 4868, 54473, '2025-05-18 17:09:44', '2025-05-18 17:09:44'),
(34, NULL, NULL, 'Skyla Funk', 3, 4351, 56997, '2025-05-18 17:09:44', '2025-05-18 17:09:44'),
(35, NULL, NULL, 'Burley Conroy', 5, 9883, 27551, '2025-05-18 17:09:44', '2025-05-18 17:09:44'),
(36, NULL, NULL, 'Nolan Pagac', 1, 1053, 33886, '2025-05-18 17:09:44', '2025-05-18 17:09:44'),
(37, NULL, NULL, 'Pansy Veum', 2, 5805, 42703, '2025-05-18 17:09:44', '2025-05-18 17:09:44'),
(38, NULL, NULL, 'Eli Kulas', 6, 7492, 40635, '2025-05-18 17:09:44', '2025-05-18 17:09:44'),
(39, NULL, NULL, 'David Toy PhD', 3, 3915, 38206, '2025-05-18 17:09:44', '2025-05-18 17:09:44'),
(40, NULL, NULL, 'Novella Schamberger', 6, 1813, 58567, '2025-05-18 17:09:44', '2025-05-18 17:09:44'),
(41, NULL, NULL, 'Vicenta Eichmann', 8, 1695, 22996, '2025-05-18 17:09:44', '2025-05-18 17:09:44'),
(42, NULL, NULL, 'Meagan Pouros IV', 4, 5552, 14843, '2025-05-18 17:09:44', '2025-05-18 17:09:44'),
(43, NULL, NULL, 'Jada Morar III', 7, 7328, 99152, '2025-05-18 17:09:44', '2025-05-18 17:09:44'),
(44, NULL, NULL, 'Dr. Devonte Toy III', 1, 5879, 84063, '2025-05-18 17:09:44', '2025-05-18 17:09:44'),
(45, NULL, NULL, 'Nora Kub', 7, 7433, 51207, '2025-05-18 17:09:44', '2025-05-18 17:09:44'),
(46, NULL, NULL, 'Dr. Addison Kris Jr.', 5, 8196, 59747, '2025-05-18 17:09:44', '2025-05-18 17:09:44'),
(47, NULL, NULL, 'Judd Lemke', 6, 7599, 85580, '2025-05-18 17:09:44', '2025-05-18 17:09:44'),
(48, NULL, NULL, 'Annabel Brekke', 9, 3601, 43289, '2025-05-18 17:09:44', '2025-05-18 17:09:44'),
(49, NULL, NULL, 'Cynthia Von', 5, 2460, 15296, '2025-05-18 17:09:44', '2025-05-18 17:09:44'),
(50, NULL, NULL, 'Wilburn Hamill', 9, 2740, 61403, '2025-05-18 17:09:44', '2025-05-18 17:09:44'),
(51, NULL, NULL, 'Randi Carroll', 1, 9087, 20327, '2025-05-18 17:30:10', '2025-05-18 17:30:10'),
(52, NULL, NULL, 'Hassie O\'Hara MD', 7, 1536, 38886, '2025-05-18 17:30:10', '2025-05-18 17:30:10'),
(53, NULL, NULL, 'Pietro Spinka', 1, 9380, 96323, '2025-05-18 17:30:10', '2025-05-18 17:30:10'),
(54, NULL, NULL, 'Evangeline McKenzie MD', 5, 4333, 13175, '2025-05-18 17:30:10', '2025-05-18 17:30:10'),
(55, NULL, NULL, 'Zaria Rice', 1, 2540, 75125, '2025-05-18 17:30:10', '2025-05-18 17:30:10'),
(56, NULL, NULL, 'Dorothea Hagenes', 1, 7993, 27331, '2025-05-18 17:30:10', '2025-05-18 17:30:10'),
(57, NULL, NULL, 'Nella Morar', 1, 9091, 65505, '2025-05-18 17:30:10', '2025-05-18 17:30:10'),
(58, NULL, NULL, 'Alexander O\'Connell', 9, 6916, 99230, '2025-05-18 17:30:10', '2025-05-18 17:30:10'),
(59, NULL, NULL, 'Aurelia Jenkins', 8, 8699, 64768, '2025-05-18 17:30:10', '2025-05-18 17:30:10'),
(60, NULL, NULL, 'Madalyn Berge', 8, 6597, 90588, '2025-05-18 17:30:10', '2025-05-18 17:30:10'),
(61, NULL, NULL, 'Dr. Alex Beier Sr.', 7, 8277, 32726, '2025-05-18 17:30:10', '2025-05-18 17:30:10'),
(62, NULL, NULL, 'Kristian Hills', 6, 6075, 30596, '2025-05-18 17:30:10', '2025-05-18 17:30:10'),
(63, NULL, NULL, 'Bertram Hilpert', 1, 1836, 51651, '2025-05-18 17:30:10', '2025-05-18 17:30:10'),
(64, NULL, NULL, 'Mrs. Felicita Nader MD', 2, 5323, 74329, '2025-05-18 17:30:10', '2025-05-18 17:30:10'),
(65, NULL, NULL, 'Dora Brekke', 2, 2793, 32199, '2025-05-18 17:30:10', '2025-05-18 17:30:10'),
(66, NULL, NULL, 'Sheridan Schiller', 2, 4915, 71460, '2025-05-18 17:30:10', '2025-05-18 17:30:10'),
(67, NULL, NULL, 'Dr. Lorena Larson', 9, 3774, 88905, '2025-05-18 17:30:10', '2025-05-18 17:30:10'),
(68, NULL, NULL, 'Rose Doyle', 2, 8582, 44464, '2025-05-18 17:30:10', '2025-05-18 17:30:10'),
(69, NULL, NULL, 'Jadyn Grady', 4, 5376, 48672, '2025-05-18 17:30:10', '2025-05-18 17:30:10'),
(70, NULL, NULL, 'Madisyn Legros', 4, 1182, 23849, '2025-05-18 17:30:10', '2025-05-18 17:30:10'),
(71, NULL, NULL, 'Elna Brakus', 2, 4878, 31269, '2025-05-18 17:30:10', '2025-05-18 17:30:10'),
(72, NULL, NULL, 'Rickie Denesik', 4, 8354, 83368, '2025-05-18 17:30:10', '2025-05-18 17:30:10'),
(73, NULL, NULL, 'Mr. Jimmie Herzog PhD', 9, 3039, 93712, '2025-05-18 17:30:10', '2025-05-18 17:30:10'),
(74, NULL, NULL, 'Liam Lesch', 5, 1860, 31311, '2025-05-18 17:30:10', '2025-05-18 17:30:10'),
(75, NULL, NULL, 'Prof. Forrest Shanahan', 4, 2158, 72053, '2025-05-18 17:30:10', '2025-05-18 17:30:10'),
(76, NULL, NULL, 'kecap', 10, 7500, 75000, '2025-06-04 01:17:32', '2025-06-04 01:17:32'),
(77, NULL, NULL, 'qui', 1, 65360, 65360, '2025-06-04 01:19:22', '2025-06-04 01:19:22'),
(78, NULL, NULL, 'qui', 1, 80457, 80457, '2025-06-07 00:31:56', '2025-06-07 00:31:56');

-- --------------------------------------------------------

--
-- Table structure for table `users`
--

CREATE TABLE `users` (
  `id` bigint(20) UNSIGNED NOT NULL,
  `name` varchar(255) NOT NULL,
  `email` varchar(255) NOT NULL,
  `email_verified_at` timestamp NULL DEFAULT NULL,
  `password` varchar(255) NOT NULL,
  `remember_token` varchar(100) DEFAULT NULL,
  `created_at` timestamp NULL DEFAULT NULL,
  `updated_at` timestamp NULL DEFAULT NULL
) ENGINE=InnoDB DEFAULT CHARSET=utf8mb4 COLLATE=utf8mb4_unicode_ci;

--
-- Dumping data for table `users`
--

INSERT INTO `users` (`id`, `name`, `email`, `email_verified_at`, `password`, `remember_token`, `created_at`, `updated_at`) VALUES
(37, 'admin', 'admin@admin.com', NULL, '$2y$12$c.nIta6sY2nd/2nTD01iy.RNiVLL0RMj50LgZr5iowVJ.91dx2FqG', NULL, '2025-05-22 18:34:47', '2025-05-22 18:34:47'),
(46, 'tokomadura', 'tokomadura@gmail.com', NULL, '$2y$12$mq01toZRki8mVcdW6xoU9OrzuVoSKdVDFTKvx.ZzFWBAveHlBKtLG', NULL, '2025-06-21 01:39:39', '2025-06-21 01:39:39');

--
-- Indexes for dumped tables
--

--
-- Indexes for table `cache`
--
ALTER TABLE `cache`
  ADD PRIMARY KEY (`key`);

--
-- Indexes for table `cache_locks`
--
ALTER TABLE `cache_locks`
  ADD PRIMARY KEY (`key`);

--
-- Indexes for table `failed_jobs`
--
ALTER TABLE `failed_jobs`
  ADD PRIMARY KEY (`id`),
  ADD UNIQUE KEY `failed_jobs_uuid_unique` (`uuid`);

--
-- Indexes for table `jobs`
--
ALTER TABLE `jobs`
  ADD PRIMARY KEY (`id`),
  ADD KEY `jobs_queue_index` (`queue`);

--
-- Indexes for table `job_batches`
--
ALTER TABLE `job_batches`
  ADD PRIMARY KEY (`id`);

--
-- Indexes for table `migrations`
--
ALTER TABLE `migrations`
  ADD PRIMARY KEY (`id`);

--
-- Indexes for table `password_reset_tokens`
--
ALTER TABLE `password_reset_tokens`
  ADD PRIMARY KEY (`email`);

--
-- Indexes for table `pengaturan_tokos`
--
ALTER TABLE `pengaturan_tokos`
  ADD PRIMARY KEY (`id`);

--
-- Indexes for table `personal_access_tokens`
--
ALTER TABLE `personal_access_tokens`
  ADD PRIMARY KEY (`id`),
  ADD UNIQUE KEY `personal_access_tokens_token_unique` (`token`),
  ADD KEY `personal_access_tokens_tokenable_type_tokenable_id_index` (`tokenable_type`,`tokenable_id`);

--
-- Indexes for table `products`
--
ALTER TABLE `products`
  ADD PRIMARY KEY (`id`),
  ADD UNIQUE KEY `products_nama_produk_unique` (`nama_produk`),
  ADD UNIQUE KEY `products_barcode_unique` (`barcode`);

--
-- Indexes for table `purchases`
--
ALTER TABLE `purchases`
  ADD PRIMARY KEY (`id`),
  ADD KEY `purchases_supplier_id_foreign` (`supplier_id`);

--
-- Indexes for table `purchase_details`
--
ALTER TABLE `purchase_details`
  ADD PRIMARY KEY (`id`),
  ADD KEY `purchase_details_purchase_id_foreign` (`purchase_id`),
  ADD KEY `purchase_details_product_id_foreign` (`product_id`);

--
-- Indexes for table `sales`
--
ALTER TABLE `sales`
  ADD PRIMARY KEY (`id`);

--
-- Indexes for table `sale_details`
--
ALTER TABLE `sale_details`
  ADD PRIMARY KEY (`id`),
  ADD KEY `sale_details_sale_id_foreign` (`sale_id`),
  ADD KEY `sale_details_product_id_foreign` (`product_id`);

--
-- Indexes for table `sessions`
--
ALTER TABLE `sessions`
  ADD PRIMARY KEY (`id`),
  ADD KEY `sessions_user_id_index` (`user_id`),
  ADD KEY `sessions_last_activity_index` (`last_activity`);

--
-- Indexes for table `suppliers`
--
ALTER TABLE `suppliers`
  ADD PRIMARY KEY (`id`),
  ADD UNIQUE KEY `suppliers_toko_unique` (`toko`),
  ADD UNIQUE KEY `suppliers_no_telp_unique` (`no_telp`);

--
-- Indexes for table `temp_purchases`
--
ALTER TABLE `temp_purchases`
  ADD PRIMARY KEY (`id`);

--
-- Indexes for table `temp_sales`
--
ALTER TABLE `temp_sales`
  ADD PRIMARY KEY (`id`),
  ADD KEY `temp_sales_product_id_foreign` (`product_id`),
  ADD KEY `temp_sales_user_id_foreign` (`user_id`);

--
-- Indexes for table `users`
--
ALTER TABLE `users`
  ADD PRIMARY KEY (`id`),
  ADD UNIQUE KEY `users_email_unique` (`email`);

--
-- AUTO_INCREMENT for dumped tables
--

--
-- AUTO_INCREMENT for table `failed_jobs`
--
ALTER TABLE `failed_jobs`
  MODIFY `id` bigint(20) UNSIGNED NOT NULL AUTO_INCREMENT;

--
-- AUTO_INCREMENT for table `jobs`
--
ALTER TABLE `jobs`
  MODIFY `id` bigint(20) UNSIGNED NOT NULL AUTO_INCREMENT;

--
-- AUTO_INCREMENT for table `migrations`
--
ALTER TABLE `migrations`
  MODIFY `id` int(10) UNSIGNED NOT NULL AUTO_INCREMENT, AUTO_INCREMENT=24;

--
-- AUTO_INCREMENT for table `pengaturan_tokos`
--
ALTER TABLE `pengaturan_tokos`
  MODIFY `id` bigint(20) UNSIGNED NOT NULL AUTO_INCREMENT, AUTO_INCREMENT=4;

--
-- AUTO_INCREMENT for table `personal_access_tokens`
--
ALTER TABLE `personal_access_tokens`
  MODIFY `id` bigint(20) UNSIGNED NOT NULL AUTO_INCREMENT, AUTO_INCREMENT=353;

--
-- AUTO_INCREMENT for table `products`
--
ALTER TABLE `products`
  MODIFY `id` bigint(20) UNSIGNED NOT NULL AUTO_INCREMENT, AUTO_INCREMENT=101;

--
-- AUTO_INCREMENT for table `purchases`
--
ALTER TABLE `purchases`
  MODIFY `id` bigint(20) UNSIGNED NOT NULL AUTO_INCREMENT, AUTO_INCREMENT=122;

--
-- AUTO_INCREMENT for table `purchase_details`
--
ALTER TABLE `purchase_details`
  MODIFY `id` bigint(20) UNSIGNED NOT NULL AUTO_INCREMENT, AUTO_INCREMENT=148;

--
-- AUTO_INCREMENT for table `sales`
--
ALTER TABLE `sales`
  MODIFY `id` bigint(20) UNSIGNED NOT NULL AUTO_INCREMENT, AUTO_INCREMENT=172;

--
-- AUTO_INCREMENT for table `sale_details`
--
ALTER TABLE `sale_details`
  MODIFY `id` bigint(20) UNSIGNED NOT NULL AUTO_INCREMENT, AUTO_INCREMENT=252;

--
-- AUTO_INCREMENT for table `suppliers`
--
ALTER TABLE `suppliers`
  MODIFY `id` bigint(20) UNSIGNED NOT NULL AUTO_INCREMENT, AUTO_INCREMENT=161;

--
-- AUTO_INCREMENT for table `temp_purchases`
--
ALTER TABLE `temp_purchases`
  MODIFY `id` bigint(20) UNSIGNED NOT NULL AUTO_INCREMENT, AUTO_INCREMENT=76;

--
-- AUTO_INCREMENT for table `temp_sales`
--
ALTER TABLE `temp_sales`
  MODIFY `id` bigint(20) UNSIGNED NOT NULL AUTO_INCREMENT, AUTO_INCREMENT=92;

--
-- AUTO_INCREMENT for table `users`
--
ALTER TABLE `users`
  MODIFY `id` bigint(20) UNSIGNED NOT NULL AUTO_INCREMENT, AUTO_INCREMENT=47;

--
-- Constraints for dumped tables
--

--
-- Constraints for table `purchases`
--
ALTER TABLE `purchases`
  ADD CONSTRAINT `purchases_supplier_id_foreign` FOREIGN KEY (`supplier_id`) REFERENCES `suppliers` (`id`) ON DELETE CASCADE;

--
-- Constraints for table `purchase_details`
--
ALTER TABLE `purchase_details`
  ADD CONSTRAINT `purchase_details_product_id_foreign` FOREIGN KEY (`product_id`) REFERENCES `products` (`id`) ON DELETE CASCADE,
  ADD CONSTRAINT `purchase_details_purchase_id_foreign` FOREIGN KEY (`purchase_id`) REFERENCES `purchases` (`id`) ON DELETE CASCADE;

--
-- Constraints for table `sale_details`
--
ALTER TABLE `sale_details`
  ADD CONSTRAINT `sale_details_product_id_foreign` FOREIGN KEY (`product_id`) REFERENCES `products` (`id`) ON DELETE CASCADE,
  ADD CONSTRAINT `sale_details_sale_id_foreign` FOREIGN KEY (`sale_id`) REFERENCES `sales` (`id`) ON DELETE CASCADE;

--
-- Constraints for table `temp_sales`
--
ALTER TABLE `temp_sales`
  ADD CONSTRAINT `temp_sales_product_id_foreign` FOREIGN KEY (`product_id`) REFERENCES `products` (`id`) ON DELETE CASCADE,
  ADD CONSTRAINT `temp_sales_user_id_foreign` FOREIGN KEY (`user_id`) REFERENCES `users` (`id`) ON DELETE CASCADE;
COMMIT;

/*!40101 SET CHARACTER_SET_CLIENT=@OLD_CHARACTER_SET_CLIENT */;
/*!40101 SET CHARACTER_SET_RESULTS=@OLD_CHARACTER_SET_RESULTS */;
/*!40101 SET COLLATION_CONNECTION=@OLD_COLLATION_CONNECTION */;
